受试者,trial 序号,真实类别,预测类别,是否正确
A01,0,双脚,双脚,正确
A01,1,舌头,舌头,正确
A01,2,左手,右手,错误
A01,3,左手,右手,错误
A01,4,右手,右手,正确
A01,5,双脚,双脚,正确
A01,6,双脚,双脚,正确
A01,7,舌头,舌头,正确
A01,8,双脚,双脚,正确
A01,9,左手,右手,错误
A01,10,左手,左手,正确
A01,11,左手,左手,正确
A01,12,双脚,双脚,正确
A01,13,双脚,双脚,正确
A01,14,双脚,舌头,错误
A01,15,右手,右手,正确
A01,16,左手,左手,正确
A01,17,舌头,舌头,正确
A01,18,舌头,舌头,正确
A01,19,右手,右手,正确
A01,20,左手,左手,正确
A01,21,双脚,舌头,错误
A01,22,左手,左手,正确
A01,23,右手,右手,正确
A01,24,左手,左手,正确
A01,25,左手,左手,正确
A01,26,舌头,舌头,正确
A01,27,右手,右手,正确
A01,28,右手,右手,正确
A01,29,双脚,双脚,正确
A01,30,舌头,舌头,正确
A01,31,左手,左手,正确
A01,32,双脚,双脚,正确
A01,33,右手,右手,正确
A01,34,左手,左手,正确
A01,35,舌头,舌头,正确
A01,36,右手,右手,正确
A01,37,双脚,双脚,正确
A01,38,左手,左手,正确
A01,39,双脚,双脚,正确
A01,40,舌头,舌头,正确
A01,41,左手,右手,错误
A01,42,双脚,双脚,正确
A01,43,舌头,双脚,错误
A01,44,右手,右手,正确
A01,45,舌头,舌头,正确
A01,46,舌头,双脚,错误
A01,47,右手,右手,正确
A01,48,双脚,双脚,正确
A01,49,右手,右手,正确
A01,50,舌头,舌头,正确
A01,51,左手,左手,正确
A01,52,双脚,右手,错误
A01,53,舌头,舌头,正确
A01,54,左手,左手,正确
A01,55,左手,右手,错误
A01,56,右手,右手,正确
A01,57,舌头,双脚,错误
A01,58,舌头,舌头,正确
A01,59,右手,右手,正确
A01,60,舌头,舌头,正确
A01,61,右手,左手,错误
A01,62,右手,右手,正确
A01,63,左手,舌头,错误
A01,64,舌头,舌头,正确
A01,65,舌头,舌头,正确
A01,66,双脚,舌头,错误
A01,67,双脚,舌头,错误
A01,68,左手,左手,正确
A01,69,舌头,双脚,错误
A01,70,双脚,双脚,正确
A01,71,舌头,舌头,正确
A01,72,双脚,舌头,错误
A01,73,双脚,双脚,正确
A01,74,左手,左手,正确
A01,75,右手,右手,正确
A01,76,左手,左手,正确
A01,77,舌头,舌头,正确
A01,78,双脚,双脚,正确
A01,79,双脚,双脚,正确
A01,80,右手,右手,正确
A01,81,左手,左手,正确
A01,82,右手,右手,正确
A01,83,右手,右手,正确
A01,84,舌头,舌头,正确
A01,85,右手,右手,正确
A01,86,双脚,舌头,错误
A01,87,舌头,舌头,正确
A01,88,左手,左手,正确
A01,89,舌头,双脚,错误
A01,90,右手,右手,正确
A01,91,右手,右手,正确
A01,92,双脚,双脚,正确
A01,93,右手,右手,正确
A01,94,左手,左手,正确
A01,95,舌头,舌头,正确
A01,96,左手,左手,正确
A01,97,左手,左手,正确
A01,98,左手,双脚,错误
A01,99,舌头,舌头,正确
A01,100,右手,右手,正确
A01,101,舌头,舌头,正确
A01,102,右手,右手,正确
A01,103,舌头,舌头,正确
A01,104,舌头,舌头,正确
A01,105,双脚,舌头,错误
A01,106,右手,右手,正确
A01,107,右手,右手,正确
A01,108,右手,右手,正确
A01,109,右手,左手,错误
A01,110,左手,左手,正确
A01,111,双脚,双脚,正确
A01,112,双脚,双脚,正确
A01,113,双脚,双脚,正确
A01,114,双脚,舌头,错误
A01,115,左手,左手,正确
A01,116,舌头,舌头,正确
A01,117,双脚,双脚,正确
A01,118,左手,左手,正确
A01,119,双脚,双脚,正确
A01,120,舌头,双脚,错误
A01,121,左手,双脚,错误
A01,122,舌头,舌头,正确
A01,123,左手,左手,正确
A01,124,右手,右手,正确
A01,125,舌头,舌头,正确
A01,126,右手,右手,正确
A01,127,双脚,右手,错误
A01,128,右手,右手,正确
A01,129,右手,右手,正确
A01,130,左手,左手,正确
A01,131,左手,右手,错误
A01,132,双脚,双脚,正确
A01,133,右手,右手,正确
A01,134,右手,右手,正确
A01,135,左手,左手,正确
A01,136,舌头,舌头,正确
A01,137,舌头,舌头,正确
A01,138,右手,右手,正确
A01,139,右手,右手,正确
A01,140,双脚,双脚,正确
A01,141,舌头,双脚,错误
A01,142,双脚,舌头,错误
A01,143,左手,左手,正确
A01,144,右手,右手,正确
A01,145,右手,右手,正确
A01,146,左手,右手,错误
A01,147,右手,右手,正确
A01,148,双脚,双脚,正确
A01,149,左手,右手,错误
A01,150,双脚,双脚,正确
A01,151,右手,右手,正确
A01,152,舌头,舌头,正确
A01,153,舌头,舌头,正确
A01,154,双脚,双脚,正确
A01,155,右手,右手,正确
A01,156,舌头,舌头,正确
A01,157,舌头,双脚,错误
A01,158,左手,左手,正确
A01,159,双脚,双脚,正确
A01,160,左手,左手,正确
A01,161,右手,右手,正确
A01,162,右手,右手,正确
A01,163,左手,左手,正确
A01,164,舌头,双脚,错误
A01,165,右手,右手,正确
A01,166,右手,右手,正确
A01,167,左手,左手,正确
A01,168,右手,右手,正确
A01,169,双脚,左手,错误
A01,170,舌头,舌头,正确
A01,171,舌头,舌头,正确
A01,172,右手,右手,正确
A01,173,双脚,双脚,正确
A01,174,双脚,双脚,正确
A01,175,左手,左手,正确
A01,176,左手,左手,正确
A01,177,双脚,双脚,正确
A01,178,双脚,右手,错误
A01,179,双脚,双脚,正确
A01,180,左手,双脚,错误
A01,181,左手,左手,正确
A01,182,左手,左手,正确
A01,183,右手,右手,正确
A01,184,右手,右手,正确
A01,185,舌头,舌头,正确
A01,186,舌头,舌头,正确
A01,187,双脚,双脚,正确
A01,188,右手,双脚,错误
A01,189,右手,右手,正确
A01,190,双脚,双脚,正确
A01,191,双脚,双脚,正确
A01,192,舌头,舌头,正确
A01,193,舌头,舌头,正确
A01,194,舌头,双脚,错误
A01,195,双脚,双脚,正确
A01,196,右手,右手,正确
A01,197,舌头,双脚,错误
A01,198,双脚,双脚,正确
A01,199,双脚,双脚,正确
A01,200,左手,左手,正确
A01,201,双脚,双脚,正确
A01,202,舌头,双脚,错误
A01,203,左手,左手,正确
A01,204,右手,右手,正确
A01,205,舌头,舌头,正确
A01,206,左手,双脚,错误
A01,207,双脚,双脚,正确
A01,208,舌头,双脚,错误
A01,209,双脚,双脚,正确
A01,210,左手,右手,错误
A01,211,左手,左手,正确
A01,212,舌头,舌头,正确
A01,213,舌头,舌头,正确
A01,214,右手,右手,正确
A01,215,左手,左手,正确
A01,216,左手,左手,正确
A01,217,右手,右手,正确
A01,218,右手,右手,正确
A01,219,双脚,双脚,正确
A01,220,双脚,双脚,正确
A01,221,双脚,双脚,正确
A01,222,左手,左手,正确
A01,223,右手,右手,正确
A01,224,舌头,舌头,正确
A01,225,舌头,舌头,正确
A01,226,双脚,双脚,正确
A01,227,左手,左手,正确
A01,228,舌头,舌头,正确
A01,229,左手,左手,正确
A01,230,左手,左手,正确
A01,231,舌头,舌头,正确
A01,232,左手,左手,正确
A01,233,左手,左手,正确
A01,234,左手,左手,正确
A01,235,右手,右手,正确
A01,236,舌头,双脚,错误
A01,237,舌头,舌头,正确
A01,238,左手,右手,错误
A01,239,右手,右手,正确
A01,240,双脚,双脚,正确
A01,241,双脚,双脚,正确
A01,242,左手,左手,正确
A01,243,舌头,舌头,正确
A01,244,双脚,舌头,错误
A01,245,右手,右手,正确
A01,246,右手,右手,正确
A01,247,双脚,舌头,错误
A01,248,舌头,舌头,正确
A01,249,双脚,双脚,正确
A01,250,右手,右手,正确
A01,251,舌头,舌头,正确
A01,252,舌头,舌头,正确
A01,253,左手,左手,正确
A01,254,舌头,舌头,正确
A01,255,左手,左手,正确
A01,256,左手,左手,正确
A01,257,右手,右手,正确
A01,258,舌头,舌头,正确
A01,259,舌头,舌头,正确
A01,260,双脚,双脚,正确
A01,261,左手,右手,错误
A01,262,舌头,舌头,正确
A01,263,右手,右手,正确
A01,264,右手,右手,正确
A01,265,舌头,舌头,正确
A01,266,右手,右手,正确
A01,267,双脚,双脚,正确
A01,268,双脚,双脚,正确
A01,269,舌头,双脚,错误
A01,270,双脚,双脚,正确
A01,271,舌头,双脚,错误
A01,272,左手,左手,正确
A01,273,舌头,舌头,正确
A01,274,右手,右手,正确
A01,275,双脚,双脚,正确
A01,276,舌头,双脚,错误
A01,277,左手,左手,正确
A01,278,左手,左手,正确
A01,279,右手,右手,正确
A01,280,左手,左手,正确
A01,281,双脚,双脚,正确
A01,282,右手,右手,正确
A01,283,左手,左手,正确
A01,284,双脚,舌头,错误
A01,285,舌头,舌头,正确
A01,286,双脚,舌头,错误
A01,287,右手,右手,正确
A01,288,舌头,舌头,正确
A01,289,双脚,舌头,错误
A01,290,双脚,双脚,正确
A01,291,左手,左手,正确
A01,292,右手,右手,正确
A01,293,左手,左手,正确
A01,294,双脚,双脚,正确
A01,295,右手,右手,正确
A01,296,左手,左手,正确
A01,297,双脚,左手,错误
A01,298,右手,右手,正确
A01,299,左手,左手,正确
A01,300,舌头,双脚,错误
A01,301,舌头,舌头,正确
A01,302,右手,右手,正确
A01,303,右手,右手,正确
A01,304,左手,左手,正确
A01,305,双脚,双脚,正确
A01,306,左手,左手,正确
A01,307,舌头,舌头,正确
A01,308,右手,右手,正确
A01,309,左手,左手,正确
A01,310,左手,右手,错误
A01,311,右手,左手,错误
A01,312,左手,左手,正确
A01,313,双脚,双脚,正确
A01,314,舌头,舌头,正确
A01,315,双脚,双脚,正确
A01,316,右手,右手,正确
A01,317,右手,右手,正确
A01,318,右手,右手,正确
A01,319,舌头,舌头,正确
A01,320,右手,右手,正确
A01,321,右手,右手,正确
A01,322,双脚,双脚,正确
A01,323,左手,左手,正确
A01,324,双脚,双脚,正确
A01,325,双脚,舌头,错误
A01,326,双脚,双脚,正确
A01,327,舌头,舌头,正确
A01,328,双脚,双脚,正确
A01,329,舌头,舌头,正确
A01,330,右手,右手,正确
A01,331,左手,右手,错误
A01,332,舌头,舌头,正确
A01,333,舌头,双脚,错误
A01,334,左手,左手,正确
A01,335,双脚,双脚,正确
A01,336,左手,左手,正确
A01,337,右手,右手,正确
A01,338,左手,右手,错误
A01,339,双脚,双脚,正确
A01,340,舌头,舌头,正确
A01,341,舌头,舌头,正确
A01,342,舌头,舌头,正确
A01,343,右手,右手,正确
A01,344,双脚,双脚,正确
A01,345,左手,左手,正确
A01,346,右手,右手,正确
A01,347,双脚,舌头,错误
A01,348,右手,右手,正确
A01,349,右手,右手,正确
A01,350,舌头,左手,错误
A01,351,舌头,舌头,正确
A01,352,右手,右手,正确
A01,353,舌头,舌头,正确
A01,354,左手,左手,正确
A01,355,双脚,双脚,正确
A01,356,舌头,舌头,正确
A01,357,舌头,舌头,正确
A01,358,舌头,舌头,正确
A01,359,双脚,舌头,错误
A01,360,双脚,舌头,错误
A01,361,双脚,双脚,正确
A01,362,左手,左手,正确
A01,363,右手,右手,正确
A01,364,右手,右手,正确
A01,365,双脚,舌头,错误
A01,366,舌头,舌头,正确
A01,367,左手,左手,正确
A01,368,左手,右手,错误
A01,369,右手,右手,正确
A01,370,右手,右手,正确
A01,371,舌头,舌头,正确
A01,372,舌头,舌头,正确
A01,373,双脚,双脚,正确
A01,374,右手,右手,正确
A01,375,左手,左手,正确
A01,376,左手,左手,正确
A01,377,双脚,双脚,正确
A01,378,舌头,双脚,错误
A01,379,左手,双脚,错误
A01,380,右手,右手,正确
A01,381,双脚,双脚,正确
A01,382,左手,左手,正确
A01,383,双脚,双脚,正确
A01,384,双脚,双脚,正确
A01,385,右手,右手,正确
A01,386,左手,左手,正确
A01,387,舌头,舌头,正确
A01,388,左手,左手,正确
A01,389,左手,左手,正确
A01,390,左手,左手,正确
A01,391,舌头,舌头,正确
A01,392,双脚,双脚,正确
A01,393,双脚,双脚,正确
A01,394,右手,右手,正确
A01,395,左手,左手,正确
A01,396,右手,右手,正确
A01,397,左手,左手,正确
A01,398,右手,右手,正确
A01,399,右手,右手,正确
A01,400,右手,右手,正确
A01,401,左手,左手,正确
A01,402,左手,双脚,错误
A01,403,双脚,双脚,正确
A01,404,双脚,舌头,错误
A01,405,左手,左手,正确
A01,406,左手,左手,正确
A01,407,右手,右手,正确
A01,408,双脚,双脚,正确
A01,409,双脚,双脚,正确
A01,410,舌头,舌头,正确
A01,411,舌头,舌头,正确
A01,412,右手,右手,正确
A01,413,左手,左手,正确
A01,414,舌头,舌头,正确
A01,415,舌头,舌头,正确
A01,416,双脚,双脚,正确
A01,417,舌头,双脚,错误
A01,418,右手,右手,正确
A01,419,双脚,舌头,错误
A01,420,左手,左手,正确
A01,421,双脚,双脚,正确
A01,422,舌头,舌头,正确
A01,423,右手,右手,正确
A01,424,双脚,双脚,正确
A01,425,右手,左手,错误
A01,426,左手,左手,正确
A01,427,双脚,双脚,正确
A01,428,舌头,舌头,正确
A01,429,双脚,舌头,错误
A01,430,左手,左手,正确
A01,431,右手,右手,正确
A01,432,舌头,舌头,正确
A01,433,双脚,双脚,正确
A01,434,舌头,舌头,正确
A01,435,双脚,舌头,错误
A01,436,舌头,双脚,错误
A01,437,右手,右手,正确
A01,438,左手,左手,正确
A01,439,舌头,舌头,正确
A01,440,右手,右手,正确
A01,441,舌头,舌头,正确
A01,442,双脚,双脚,正确
A01,443,左手,左手,正确
A01,444,双脚,双脚,正确
A01,445,右手,右手,正确
A01,446,双脚,双脚,正确
A01,447,右手,右手,正确
A01,448,双脚,双脚,正确
A01,449,左手,左手,正确
A01,450,舌头,舌头,正确
A01,451,右手,右手,正确
A01,452,右手,右手,正确
A01,453,舌头,舌头,正确
A01,454,双脚,双脚,正确
A01,455,左手,左手,正确
A01,456,右手,右手,正确
A01,457,右手,右手,正确
A01,458,左手,左手,正确
A01,459,舌头,舌头,正确
A01,460,左手,右手,错误
A01,461,舌头,舌头,正确
A01,462,左手,右手,错误
A01,463,舌头,舌头,正确
A01,464,右手,右手,正确
A01,465,右手,右手,正确
A01,466,双脚,双脚,正确
A01,467,左手,左手,正确
A01,468,双脚,左手,错误
A01,469,左手,右手,错误
A01,470,舌头,舌头,正确
A01,471,右手,左手,错误
A01,472,舌头,舌头,正确
A01,473,右手,左手,错误
A01,474,双脚,双脚,正确
A01,475,舌头,舌头,正确
A01,476,舌头,舌头,正确
A01,477,双脚,双脚,正确
A01,478,舌头,双脚,错误
A01,479,双脚,双脚,正确
A01,480,舌头,舌头,正确
A01,481,左手,双脚,错误
A01,482,左手,舌头,错误
A01,483,舌头,舌头,正确
A01,484,右手,右手,正确
A01,485,左手,舌头,错误
A01,486,左手,左手,正确
A01,487,双脚,双脚,正确
A01,488,舌头,舌头,正确
A01,489,双脚,双脚,正确
A01,490,双脚,舌头,错误
A01,491,右手,右手,正确
A01,492,双脚,双脚,正确
A01,493,右手,右手,正确
A01,494,双脚,双脚,正确
A01,495,双脚,双脚,正确
A01,496,右手,右手,正确
A01,497,右手,右手,正确
A01,498,左手,右手,错误
A01,499,舌头,舌头,正确
A01,500,右手,右手,正确
A01,501,双脚,双脚,正确
A01,502,左手,左手,正确
A01,503,舌头,舌头,正确
A01,504,右手,右手,正确
A01,505,舌头,舌头,正确
A01,506,左手,左手,正确
A01,507,右手,右手,正确
A01,508,双脚,双脚,正确
A01,509,舌头,舌头,正确
A01,510,左手,左手,正确
A01,511,双脚,双脚,正确
A01,512,双脚,舌头,错误
A01,513,双脚,舌头,错误
A01,514,右手,右手,正确
A01,515,右手,右手,正确
A01,516,双脚,舌头,错误
A01,517,舌头,双脚,错误
A01,518,双脚,双脚,正确
A01,519,右手,右手,正确
A01,520,舌头,舌头,正确
A01,521,舌头,双脚,错误
A01,522,左手,左手,正确
A01,523,左手,左手,正确
A01,524,舌头,舌头,正确
A01,525,左手,左手,正确
A01,526,左手,左手,正确
A01,527,右手,右手,正确
A01,528,舌头,双脚,错误
A01,529,舌头,双脚,错误
A01,530,舌头,双脚,错误
A01,531,左手,左手,正确
A01,532,右手,右手,正确
A01,533,左手,左手,正确
A01,534,左手,右手,错误
A01,535,右手,右手,正确
A01,536,左手,左手,正确
A01,537,左手,左手,正确
A01,538,双脚,双脚,正确
A01,539,右手,右手,正确
A01,540,右手,右手,正确
A01,541,舌头,舌头,正确
A01,542,舌头,双脚,错误
A01,543,左手,左手,正确
A01,544,舌头,舌头,正确
A01,545,舌头,双脚,错误
A01,546,右手,右手,正确
A01,547,双脚,舌头,错误
A01,548,左手,左手,正确
A01,549,右手,右手,正确
A01,550,左手,左手,正确
A01,551,双脚,双脚,正确
A01,552,舌头,舌头,正确
A01,553,左手,左手,正确
A01,554,左手,左手,正确
A01,555,双脚,舌头,错误
A01,556,右手,右手,正确
A01,557,双脚,双脚,正确
A01,558,左手,左手,正确
A01,559,舌头,舌头,正确
A01,560,舌头,舌头,正确
A01,561,右手,右手,正确
A01,562,舌头,舌头,正确
A01,563,右手,右手,正确
A01,564,左手,左手,正确
A01,565,左手,左手,正确
A01,566,双脚,双脚,正确
A01,567,双脚,双脚,正确
A01,568,舌头,舌头,正确
A01,569,右手,左手,错误
A01,570,双脚,舌头,错误
A01,571,左手,左手,正确
A01,572,右手,左手,错误
A01,573,右手,右手,正确
A01,574,双脚,双脚,正确
A01,575,双脚,双脚,正确
A02,576,右手,左手,错误
A02,577,舌头,舌头,正确
A02,578,左手,左手,正确
A02,579,双脚,双脚,正确
A02,580,左手,右手,错误
A02,581,双脚,双脚,正确
A02,582,左手,左手,正确
A02,583,双脚,双脚,正确
A02,584,双脚,双脚,正确
A02,585,舌头,舌头,正确
A02,586,双脚,双脚,正确
A02,587,左手,舌头,错误
A02,588,右手,右手,正确
A02,589,双脚,双脚,正确
A02,590,左手,左手,正确
A02,591,左手,右手,错误
A02,592,双脚,双脚,正确
A02,593,右手,右手,正确
A02,594,左手,右手,错误
A02,595,舌头,左手,错误
A02,596,舌头,舌头,正确
A02,597,左手,右手,错误
A02,598,右手,左手,错误
A02,599,双脚,双脚,正确
A02,600,左手,舌头,错误
A02,601,左手,右手,错误
A02,602,右手,舌头,错误
A02,603,舌头,舌头,正确
A02,604,双脚,双脚,正确
A02,605,右手,左手,错误
A02,606,左手,左手,正确
A02,607,舌头,舌头,正确
A02,608,双脚,双脚,正确
A02,609,右手,舌头,错误
A02,610,左手,舌头,错误
A02,611,舌头,舌头,正确
A02,612,右手,左手,错误
A02,613,左手,左手,正确
A02,614,双脚,双脚,正确
A02,615,舌头,舌头,正确
A02,616,双脚,右手,错误
A02,617,双脚,双脚,正确
A02,618,左手,左手,正确
A02,619,舌头,舌头,正确
A02,620,双脚,双脚,正确
A02,621,双脚,双脚,正确
A02,622,舌头,舌头,正确
A02,623,右手,舌头,错误
A02,624,舌头,双脚,错误
A02,625,舌头,左手,错误
A02,626,左手,舌头,错误
A02,627,右手,舌头,错误
A02,628,左手,左手,正确
A02,629,右手,右手,正确
A02,630,舌头,舌头,正确
A02,631,左手,左手,正确
A02,632,右手,右手,正确
A02,633,舌头,舌头,正确
A02,634,舌头,舌头,正确
A02,635,右手,左手,错误
A02,636,舌头,舌头,正确
A02,637,右手,左手,错误
A02,638,右手,右手,正确
A02,639,左手,右手,错误
A02,640,舌头,舌头,正确
A02,641,舌头,舌头,正确
A02,642,双脚,双脚,正确
A02,643,双脚,双脚,正确
A02,644,左手,左手,正确
A02,645,舌头,舌头,正确
A02,646,双脚,双脚,正确
A02,647,舌头,舌头,正确
A02,648,双脚,双脚,正确
A02,649,双脚,右手,错误
A02,650,左手,左手,正确
A02,651,右手,右手,正确
A02,652,左手,左手,正确
A02,653,舌头,右手,错误
A02,654,双脚,双脚,正确
A02,655,双脚,双脚,正确
A02,656,右手,舌头,错误
A02,657,左手,双脚,错误
A02,658,右手,左手,错误
A02,659,右手,左手,错误
A02,660,舌头,舌头,正确
A02,661,右手,左手,错误
A02,662,双脚,双脚,正确
A02,663,舌头,舌头,正确
A02,664,左手,舌头,错误
A02,665,舌头,舌头,正确
A02,666,右手,左手,错误
A02,667,右手,右手,正确
A02,668,双脚,双脚,正确
A02,669,右手,右手,正确
A02,670,左手,左手,正确
A02,671,舌头,舌头,正确
A02,672,左手,舌头,错误
A02,673,左手,舌头,错误
A02,674,左手,双脚,错误
A02,675,舌头,舌头,正确
A02,676,右手,左手,错误
A02,677,舌头,舌头,正确
A02,678,右手,舌头,错误
A02,679,舌头,舌头,正确
A02,680,舌头,舌头,正确
A02,681,双脚,右手,错误
A02,682,右手,双脚,错误
A02,683,右手,舌头,错误
A02,684,右手,右手,正确
A02,685,右手,右手,正确
A02,686,左手,右手,错误
A02,687,双脚,双脚,正确
A02,688,双脚,双脚,正确
A02,689,双脚,舌头,错误
A02,690,双脚,双脚,正确
A02,691,左手,右手,错误
A02,692,左手,左手,正确
A02,693,左手,右手,错误
A02,694,双脚,双脚,正确
A02,695,舌头,双脚,错误
A02,696,双脚,双脚,正确
A02,697,舌头,舌头,正确
A02,698,舌头,舌头,正确
A02,699,右手,左手,错误
A02,700,左手,右手,错误
A02,701,右手,右手,正确
A02,702,双脚,双脚,正确
A02,703,舌头,左手,错误
A02,704,右手,左手,错误
A02,705,右手,左手,错误
A02,706,左手,左手,正确
A02,707,右手,右手,正确
A02,708,右手,左手,错误
A02,709,左手,左手,正确
A02,710,左手,舌头,错误
A02,711,双脚,双脚,正确
A02,712,舌头,舌头,正确
A02,713,舌头,右手,错误
A02,714,右手,左手,错误
A02,715,右手,双脚,错误
A02,716,双脚,双脚,正确
A02,717,左手,舌头,错误
A02,718,双脚,双脚,正确
A02,719,舌头,舌头,正确
A02,720,左手,左手,正确
A02,721,双脚,双脚,正确
A02,722,右手,左手,错误
A02,723,右手,双脚,错误
A02,724,右手,左手,错误
A02,725,左手,舌头,错误
A02,726,双脚,双脚,正确
A02,727,舌头,左手,错误
A02,728,右手,左手,错误
A02,729,舌头,舌头,正确
A02,730,舌头,舌头,正确
A02,731,右手,右手,正确
A02,732,舌头,舌头,正确
A02,733,双脚,双脚,正确
A02,734,右手,左手,错误
A02,735,左手,右手,错误
A02,736,双脚,双脚,正确
A02,737,左手,舌头,错误
A02,738,右手,舌头,错误
A02,739,左手,右手,错误
A02,740,舌头,舌头,正确
A02,741,右手,舌头,错误
A02,742,右手,右手,正确
A02,743,左手,右手,错误
A02,744,双脚,双脚,正确
A02,745,右手,右手,正确
A02,746,舌头,舌头,正确
A02,747,舌头,舌头,正确
A02,748,右手,右手,正确
A02,749,双脚,双脚,正确
A02,750,左手,右手,错误
A02,751,左手,左手,正确
A02,752,双脚,双脚,正确
A02,753,双脚,双脚,正确
A02,754,双脚,双脚,正确
A02,755,双脚,左手,错误
A02,756,左手,右手,错误
A02,757,左手,左手,正确
A02,758,左手,右手,错误
A02,759,右手,右手,正确
A02,760,右手,双脚,错误
A02,761,舌头,舌头,正确
A02,762,舌头,右手,错误
A02,763,双脚,双脚,正确
A02,764,右手,右手,正确
A02,765,右手,右手,正确
A02,766,双脚,双脚,正确
A02,767,双脚,双脚,正确
A02,768,舌头,舌头,正确
A02,769,舌头,左手,错误
A02,770,舌头,舌头,正确
A02,771,双脚,双脚,正确
A02,772,右手,舌头,错误
A02,773,舌头,左手,错误
A02,774,双脚,双脚,正确
A02,775,双脚,双脚,正确
A02,776,左手,左手,正确
A02,777,双脚,双脚,正确
A02,778,舌头,双脚,错误
A02,779,左手,右手,错误
A02,780,右手,左手,错误
A02,781,舌头,右手,错误
A02,782,左手,舌头,错误
A02,783,双脚,双脚,正确
A02,784,舌头,左手,错误
A02,785,双脚,双脚,正确
A02,786,左手,舌头,错误
A02,787,左手,舌头,错误
A02,788,舌头,舌头,正确
A02,789,舌头,舌头,正确
A02,790,右手,右手,正确
A02,791,左手,右手,错误
A02,792,左手,右手,错误
A02,793,右手,左手,错误
A02,794,右手,右手,正确
A02,795,双脚,双脚,正确
A02,796,双脚,双脚,正确
A02,797,双脚,双脚,正确
A02,798,左手,右手,错误
A02,799,右手,右手,正确
A02,800,舌头,舌头,正确
A02,801,舌头,舌头,正确
A02,802,双脚,双脚,正确
A02,803,左手,左手,正确
A02,804,舌头,舌头,正确
A02,805,左手,左手,正确
A02,806,左手,左手,正确
A02,807,舌头,舌头,正确
A02,808,左手,右手,错误
A02,809,右手,舌头,错误
A02,810,左手,左手,正确
A02,811,左手,舌头,错误
A02,812,舌头,舌头,正确
A02,813,舌头,左手,错误
A02,814,双脚,双脚,正确
A02,815,左手,左手,正确
A02,816,右手,右手,正确
A02,817,双脚,舌头,错误
A02,818,左手,左手,正确
A02,819,舌头,舌头,正确
A02,820,右手,右手,正确
A02,821,右手,右手,正确
A02,822,双脚,双脚,正确
A02,823,双脚,双脚,正确
A02,824,双脚,双脚,正确
A02,825,舌头,舌头,正确
A02,826,舌头,舌头,正确
A02,827,右手,左手,错误
A02,828,舌头,右手,错误
A02,829,左手,右手,错误
A02,830,舌头,左手,错误
A02,831,舌头,左手,错误
A02,832,左手,左手,正确
A02,833,右手,右手,正确
A02,834,左手,左手,正确
A02,835,舌头,舌头,正确
A02,836,舌头,舌头,正确
A02,837,左手,左手,正确
A02,838,右手,右手,正确
A02,839,双脚,双脚,正确
A02,840,右手,右手,正确
A02,841,舌头,舌头,正确
A02,842,右手,右手,正确
A02,843,双脚,双脚,正确
A02,844,双脚,双脚,正确
A02,845,舌头,舌头,正确
A02,846,左手,舌头,错误
A02,847,双脚,双脚,正确
A02,848,左手,右手,错误
A02,849,右手,舌头,错误
A02,850,右手,左手,错误
A02,851,舌头,舌头,正确
A02,852,舌头,舌头,正确
A02,853,左手,左手,正确
A02,854,右手,舌头,错误
A02,855,舌头,舌头,正确
A02,856,左手,左手,正确
A02,857,双脚,双脚,正确
A02,858,双脚,双脚,正确
A02,859,左手,右手,错误
A02,860,双脚,双脚,正确
A02,861,舌头,左手,错误
A02,862,双脚,双脚,正确
A02,863,右手,右手,正确
A02,864,舌头,双脚,错误
A02,865,双脚,双脚,正确
A02,866,双脚,双脚,正确
A02,867,左手,右手,错误
A02,868,右手,右手,正确
A02,869,左手,右手,错误
A02,870,双脚,双脚,正确
A02,871,右手,左手,错误
A02,872,左手,左手,正确
A02,873,双脚,双脚,正确
A02,874,右手,右手,正确
A02,875,左手,左手,正确
A02,876,舌头,右手,错误
A02,877,舌头,舌头,正确
A02,878,右手,右手,正确
A02,879,右手,右手,正确
A02,880,左手,左手,正确
A02,881,双脚,双脚,正确
A02,882,左手,右手,错误
A02,883,舌头,舌头,正确
A02,884,右手,左手,错误
A02,885,左手,双脚,错误
A02,886,左手,双脚,错误
A02,887,右手,舌头,错误
A02,888,左手,左手,正确
A02,889,双脚,双脚,正确
A02,890,舌头,舌头,正确
A02,891,双脚,右手,错误
A02,892,右手,左手,错误
A02,893,右手,右手,正确
A02,894,右手,右手,正确
A02,895,舌头,舌头,正确
A02,896,右手,右手,正确
A02,897,右手,右手,正确
A02,898,双脚,双脚,正确
A02,899,左手,左手,正确
A02,900,双脚,双脚,正确
A02,901,双脚,双脚,正确
A02,902,双脚,双脚,正确
A02,903,舌头,舌头,正确
A02,904,双脚,双脚,正确
A02,905,舌头,右手,错误
A02,906,右手,右手,正确
A02,907,左手,左手,正确
A02,908,舌头,右手,错误
A02,909,舌头,舌头,正确
A02,910,左手,右手,错误
A02,911,双脚,双脚,正确
A02,912,左手,右手,错误
A02,913,右手,右手,正确
A02,914,左手,舌头,错误
A02,915,双脚,双脚,正确
A02,916,舌头,双脚,错误
A02,917,舌头,舌头,正确
A02,918,舌头,双脚,错误
A02,919,右手,舌头,错误
A02,920,双脚,双脚,正确
A02,921,左手,舌头,错误
A02,922,右手,右手,正确
A02,923,双脚,双脚,正确
A02,924,右手,左手,错误
A02,925,右手,右手,正确
A02,926,舌头,舌头,正确
A02,927,右手,右手,正确
A02,928,舌头,舌头,正确
A02,929,舌头,舌头,正确
A02,930,双脚,双脚,正确
A02,931,舌头,左手,错误
A02,932,左手,右手,错误
A02,933,舌头,舌头,正确
A02,934,舌头,舌头,正确
A02,935,左手,舌头,错误
A02,936,右手,右手,正确
A02,937,双脚,双脚,正确
A02,938,双脚,双脚,正确
A02,939,双脚,双脚,正确
A02,940,右手,右手,正确
A02,941,双脚,双脚,正确
A02,942,左手,左手,正确
A02,943,左手,左手,正确
A02,944,舌头,舌头,正确
A02,945,右手,右手,正确
A02,946,右手,右手,正确
A02,947,双脚,双脚,正确
A02,948,舌头,双脚,错误
A02,949,左手,右手,错误
A02,950,舌头,舌头,正确
A02,951,右手,右手,正确
A02,952,左手,左手,正确
A02,953,双脚,右手,错误
A02,954,舌头,左手,错误
A02,955,左手,右手,错误
A02,956,右手,舌头,错误
A02,957,双脚,双脚,正确
A02,958,左手,舌头,错误
A02,959,双脚,双脚,正确
A02,960,双脚,双脚,正确
A02,961,左手,舌头,错误
A02,962,右手,右手,正确
A02,963,左手,右手,错误
A02,964,舌头,舌头,正确
A02,965,左手,左手,正确
A02,966,双脚,双脚,正确
A02,967,左手,舌头,错误
A02,968,舌头,舌头,正确
A02,969,双脚,双脚,正确
A02,970,左手,舌头,错误
A02,971,右手,左手,错误
A02,972,右手,右手,正确
A02,973,左手,左手,正确
A02,974,右手,右手,正确
A02,975,右手,右手,正确
A02,976,右手,舌头,错误
A02,977,左手,右手,错误
A02,978,左手,右手,错误
A02,979,双脚,双脚,正确
A02,980,双脚,双脚,正确
A02,981,左手,右手,错误
A02,982,左手,右手,错误
A02,983,右手,右手,正确
A02,984,双脚,双脚,正确
A02,985,双脚,双脚,正确
A02,986,舌头,舌头,正确
A02,987,舌头,舌头,正确
A02,988,右手,右手,正确
A02,989,左手,舌头,错误
A02,990,舌头,左手,错误
A02,991,舌头,舌头,正确
A02,992,双脚,双脚,正确
A02,993,舌头,舌头,正确
A02,994,右手,左手,错误
A02,995,双脚,双脚,正确
A02,996,左手,双脚,错误
A02,997,双脚,双脚,正确
A02,998,舌头,舌头,正确
A02,999,右手,右手,正确
A02,1000,双脚,双脚,正确
A02,1001,右手,舌头,错误
A02,1002,左手,右手,错误
A02,1003,双脚,双脚,正确
A02,1004,舌头,左手,错误
A02,1005,双脚,双脚,正确
A02,1006,左手,右手,错误
A02,1007,右手,左手,错误
A02,1008,舌头,舌头,正确
A02,1009,双脚,双脚,正确
A02,1010,舌头,舌头,正确
A02,1011,双脚,双脚,正确
A02,1012,舌头,舌头,正确
A02,1013,右手,右手,正确
A02,1014,左手,右手,错误
A02,1015,舌头,右手,错误
A02,1016,右手,右手,正确
A02,1017,舌头,舌头,正确
A02,1018,双脚,双脚,正确
A02,1019,左手,左手,正确
A02,1020,双脚,双脚,正确
A02,1021,右手,左手,错误
A02,1022,双脚,双脚,正确
A02,1023,右手,右手,正确
A02,1024,双脚,双脚,正确
A02,1025,左手,右手,错误
A02,1026,舌头,右手,错误
A02,1027,右手,右手,正确
A02,1028,右手,右手,正确
A02,1029,舌头,右手,错误
A02,1030,双脚,双脚,正确
A02,1031,左手,左手,正确
A02,1032,右手,舌头,错误
A02,1033,右手,舌头,错误
A02,1034,左手,双脚,错误
A02,1035,舌头,舌头,正确
A02,1036,左手,双脚,错误
A02,1037,舌头,舌头,正确
A02,1038,左手,双脚,错误
A02,1039,舌头,舌头,正确
A02,1040,右手,左手,错误
A02,1041,右手,右手,正确
A02,1042,左手,左手,正确
A02,1043,双脚,双脚,正确
A02,1044,双脚,双脚,正确
A02,1045,左手,右手,错误
A02,1046,右手,右手,正确
A02,1047,右手,舌头,错误
A02,1048,双脚,双脚,正确
A02,1049,舌头,左手,错误
A02,1050,舌头,舌头,正确
A02,1051,舌头,双脚,错误
A02,1052,舌头,舌头,正确
A02,1053,双脚,双脚,正确
A02,1054,舌头,舌头,正确
A02,1055,双脚,双脚,正确
A02,1056,左手,左手,正确
A02,1057,舌头,舌头,正确
A02,1058,左手,右手,错误
A02,1059,左手,左手,正确
A02,1060,左手,左手,正确
A02,1061,双脚,双脚,正确
A02,1062,双脚,双脚,正确
A02,1063,舌头,舌头,正确
A02,1064,右手,舌头,错误
A02,1065,双脚,双脚,正确
A02,1066,右手,右手,正确
A02,1067,舌头,左手,错误
A02,1068,双脚,双脚,正确
A02,1069,右手,左手,错误
A02,1070,双脚,舌头,错误
A02,1071,双脚,双脚,正确
A02,1072,右手,左手,错误
A02,1073,右手,左手,错误
A02,1074,左手,左手,正确
A02,1075,舌头,舌头,正确
A02,1076,双脚,双脚,正确
A02,1077,右手,左手,错误
A02,1078,右手,左手,错误
A02,1079,左手,右手,错误
A02,1080,左手,左手,正确
A02,1081,舌头,舌头,正确
A02,1082,舌头,舌头,正确
A02,1083,右手,舌头,错误
A02,1084,双脚,双脚,正确
A02,1085,左手,左手,正确
A02,1086,舌头,左手,错误
A02,1087,双脚,双脚,正确
A02,1088,双脚,双脚,正确
A02,1089,双脚,双脚,正确
A02,1090,右手,左手,错误
A02,1091,右手,舌头,错误
A02,1092,右手,左手,错误
A02,1093,双脚,双脚,正确
A02,1094,舌头,舌头,正确
A02,1095,左手,左手,正确
A02,1096,左手,右手,错误
A02,1097,舌头,舌头,正确
A02,1098,双脚,双脚,正确
A02,1099,舌头,右手,错误
A02,1100,舌头,舌头,正确
A02,1101,左手,右手,错误
A02,1102,左手,左手,正确
A02,1103,右手,右手,正确
A02,1104,舌头,左手,错误
A02,1105,舌头,右手,错误
A02,1106,舌头,左手,错误
A02,1107,左手,左手,正确
A02,1108,右手,右手,正确
A02,1109,左手,左手,正确
A02,1110,左手,左手,正确
A02,1111,右手,左手,错误
A02,1112,左手,左手,正确
A02,1113,左手,左手,正确
A02,1114,双脚,双脚,正确
A02,1115,右手,左手,错误
A02,1116,右手,右手,正确
A02,1117,舌头,左手,错误
A02,1118,舌头,舌头,正确
A02,1119,左手,舌头,错误
A02,1120,舌头,双脚,错误
A02,1121,舌头,舌头,正确
A02,1122,右手,双脚,错误
A02,1123,双脚,舌头,错误
A02,1124,左手,左手,正确
A02,1125,右手,右手,正确
A02,1126,左手,右手,错误
A02,1127,双脚,双脚,正确
A02,1128,舌头,舌头,正确
A02,1129,左手,左手,正确
A02,1130,左手,左手,正确
A02,1131,双脚,双脚,正确
A02,1132,右手,左手,错误
A02,1133,双脚,双脚,正确
A02,1134,左手,右手,错误
A02,1135,舌头,舌头,正确
A02,1136,舌头,舌头,正确
A02,1137,右手,左手,错误
A02,1138,舌头,舌头,正确
A02,1139,右手,左手,错误
A02,1140,左手,右手,错误
A02,1141,左手,右手,错误
A02,1142,双脚,双脚,正确
A02,1143,双脚,双脚,正确
A02,1144,舌头,舌头,正确
A02,1145,右手,右手,正确
A02,1146,双脚,双脚,正确
A02,1147,左手,舌头,错误
A02,1148,右手,舌头,错误
A02,1149,右手,右手,正确
A02,1150,双脚,双脚,正确
A02,1151,双脚,双脚,正确
A03,1152,右手,右手,正确
A03,1153,舌头,双脚,错误
A03,1154,左手,左手,正确
A03,1155,双脚,双脚,正确
A03,1156,左手,左手,正确
A03,1157,双脚,双脚,正确
A03,1158,左手,左手,正确
A03,1159,双脚,双脚,正确
A03,1160,双脚,双脚,正确
A03,1161,舌头,舌头,正确
A03,1162,双脚,双脚,正确
A03,1163,左手,左手,正确
A03,1164,右手,右手,正确
A03,1165,双脚,双脚,正确
A03,1166,左手,左手,正确
A03,1167,左手,左手,正确
A03,1168,双脚,双脚,正确
A03,1169,右手,右手,正确
A03,1170,左手,左手,正确
A03,1171,舌头,舌头,正确
A03,1172,舌头,舌头,正确
A03,1173,左手,左手,正确
A03,1174,右手,右手,正确
A03,1175,双脚,双脚,正确
A03,1176,左手,左手,正确
A03,1177,左手,左手,正确
A03,1178,右手,右手,正确
A03,1179,舌头,舌头,正确
A03,1180,双脚,双脚,正确
A03,1181,右手,右手,正确
A03,1182,左手,左手,正确
A03,1183,舌头,舌头,正确
A03,1184,双脚,双脚,正确
A03,1185,右手,右手,正确
A03,1186,左手,左手,正确
A03,1187,舌头,舌头,正确
A03,1188,右手,舌头,错误
A03,1189,左手,左手,正确
A03,1190,双脚,双脚,正确
A03,1191,舌头,舌头,正确
A03,1192,双脚,双脚,正确
A03,1193,双脚,双脚,正确
A03,1194,左手,左手,正确
A03,1195,舌头,舌头,正确
A03,1196,双脚,双脚,正确
A03,1197,双脚,双脚,正确
A03,1198,舌头,舌头,正确
A03,1199,右手,右手,正确
A03,1200,舌头,舌头,正确
A03,1201,舌头,舌头,正确
A03,1202,左手,左手,正确
A03,1203,右手,右手,正确
A03,1204,左手,左手,正确
A03,1205,右手,右手,正确
A03,1206,舌头,双脚,错误
A03,1207,左手,左手,正确
A03,1208,右手,右手,正确
A03,1209,舌头,舌头,正确
A03,1210,舌头,舌头,正确
A03,1211,右手,舌头,错误
A03,1212,舌头,舌头,正确
A03,1213,右手,右手,正确
A03,1214,右手,右手,正确
A03,1215,左手,左手,正确
A03,1216,舌头,双脚,错误
A03,1217,舌头,舌头,正确
A03,1218,双脚,双脚,正确
A03,1219,双脚,双脚,正确
A03,1220,左手,左手,正确
A03,1221,舌头,舌头,正确
A03,1222,双脚,双脚,正确
A03,1223,舌头,舌头,正确
A03,1224,双脚,双脚,正确
A03,1225,双脚,双脚,正确
A03,1226,左手,左手,正确
A03,1227,右手,右手,正确
A03,1228,左手,左手,正确
A03,1229,舌头,舌头,正确
A03,1230,双脚,双脚,正确
A03,1231,双脚,舌头,错误
A03,1232,右手,右手,正确
A03,1233,左手,左手,正确
A03,1234,右手,右手,正确
A03,1235,右手,右手,正确
A03,1236,舌头,舌头,正确
A03,1237,右手,右手,正确
A03,1238,双脚,双脚,正确
A03,1239,舌头,双脚,错误
A03,1240,左手,左手,正确
A03,1241,舌头,舌头,正确
A03,1242,右手,右手,正确
A03,1243,右手,右手,正确
A03,1244,双脚,双脚,正确
A03,1245,右手,右手,正确
A03,1246,左手,左手,正确
A03,1247,舌头,舌头,正确
A03,1248,左手,左手,正确
A03,1249,左手,左手,正确
A03,1250,左手,左手,正确
A03,1251,舌头,双脚,错误
A03,1252,右手,右手,正确
A03,1253,舌头,舌头,正确
A03,1254,右手,右手,正确
A03,1255,舌头,舌头,正确
A03,1256,舌头,舌头,正确
A03,1257,双脚,双脚,正确
A03,1258,右手,右手,正确
A03,1259,右手,右手,正确
A03,1260,右手,右手,正确
A03,1261,右手,右手,正确
A03,1262,左手,舌头,错误
A03,1263,双脚,双脚,正确
A03,1264,双脚,双脚,正确
A03,1265,双脚,双脚,正确
A03,1266,双脚,双脚,正确
A03,1267,左手,左手,正确
A03,1268,左手,左手,正确
A03,1269,左手,左手,正确
A03,1270,双脚,双脚,正确
A03,1271,舌头,舌头,正确
A03,1272,双脚,右手,错误
A03,1273,舌头,舌头,正确
A03,1274,舌头,舌头,正确
A03,1275,右手,右手,正确
A03,1276,左手,左手,正确
A03,1277,右手,右手,正确
A03,1278,双脚,双脚,正确
A03,1279,舌头,舌头,正确
A03,1280,右手,右手,正确
A03,1281,右手,右手,正确
A03,1282,左手,左手,正确
A03,1283,右手,右手,正确
A03,1284,右手,右手,正确
A03,1285,左手,左手,正确
A03,1286,左手,左手,正确
A03,1287,双脚,双脚,正确
A03,1288,舌头,舌头,正确
A03,1289,舌头,舌头,正确
A03,1290,右手,右手,正确
A03,1291,右手,右手,正确
A03,1292,双脚,双脚,正确
A03,1293,左手,左手,正确
A03,1294,双脚,双脚,正确
A03,1295,舌头,舌头,正确
A03,1296,左手,左手,正确
A03,1297,双脚,双脚,正确
A03,1298,右手,右手,正确
A03,1299,右手,右手,正确
A03,1300,右手,右手,正确
A03,1301,左手,左手,正确
A03,1302,双脚,双脚,正确
A03,1303,舌头,舌头,正确
A03,1304,右手,右手,正确
A03,1305,舌头,舌头,正确
A03,1306,舌头,双脚,错误
A03,1307,右手,右手,正确
A03,1308,舌头,舌头,正确
A03,1309,双脚,双脚,正确
A03,1310,右手,右手,正确
A03,1311,左手,左手,正确
A03,1312,双脚,双脚,正确
A03,1313,左手,左手,正确
A03,1314,右手,右手,正确
A03,1315,左手,左手,正确
A03,1316,舌头,双脚,错误
A03,1317,右手,右手,正确
A03,1318,右手,右手,正确
A03,1319,左手,左手,正确
A03,1320,双脚,双脚,正确
A03,1321,右手,右手,正确
A03,1322,舌头,舌头,正确
A03,1323,舌头,舌头,正确
A03,1324,右手,右手,正确
A03,1325,双脚,双脚,正确
A03,1326,左手,左手,正确
A03,1327,左手,左手,正确
A03,1328,双脚,双脚,正确
A03,1329,双脚,双脚,正确
A03,1330,双脚,左手,错误
A03,1331,双脚,双脚,正确
A03,1332,左手,右手,错误
A03,1333,左手,左手,正确
A03,1334,左手,左手,正确
A03,1335,右手,右手,正确
A03,1336,右手,右手,正确
A03,1337,舌头,舌头,正确
A03,1338,舌头,舌头,正确
A03,1339,双脚,双脚,正确
A03,1340,右手,右手,正确
A03,1341,右手,右手,正确
A03,1342,双脚,双脚,正确
A03,1343,双脚,双脚,正确
A03,1344,舌头,舌头,正确
A03,1345,舌头,舌头,正确
A03,1346,舌头,舌头,正确
A03,1347,双脚,双脚,正确
A03,1348,右手,右手,正确
A03,1349,舌头,舌头,正确
A03,1350,双脚,双脚,正确
A03,1351,双脚,双脚,正确
A03,1352,左手,左手,正确
A03,1353,双脚,双脚,正确
A03,1354,舌头,舌头,正确
A03,1355,左手,左手,正确
A03,1356,右手,右手,正确
A03,1357,舌头,双脚,错误
A03,1358,左手,左手,正确
A03,1359,双脚,双脚,正确
A03,1360,舌头,舌头,正确
A03,1361,双脚,舌头,错误
A03,1362,左手,左手,正确
A03,1363,左手,左手,正确
A03,1364,舌头,舌头,正确
A03,1365,舌头,舌头,正确
A03,1366,右手,右手,正确
A03,1367,左手,左手,正确
A03,1368,左手,左手,正确
A03,1369,右手,右手,正确
A03,1370,右手,右手,正确
A03,1371,双脚,舌头,错误
A03,1372,双脚,双脚,正确
A03,1373,双脚,舌头,错误
A03,1374,左手,左手,正确
A03,1375,右手,右手,正确
A03,1376,舌头,舌头,正确
A03,1377,舌头,舌头,正确
A03,1378,双脚,双脚,正确
A03,1379,左手,左手,正确
A03,1380,舌头,舌头,正确
A03,1381,左手,左手,正确
A03,1382,左手,左手,正确
A03,1383,舌头,舌头,正确
A03,1384,左手,右手,错误
A03,1385,右手,右手,正确
A03,1386,左手,左手,正确
A03,1387,左手,左手,正确
A03,1388,舌头,舌头,正确
A03,1389,舌头,舌头,正确
A03,1390,双脚,双脚,正确
A03,1391,左手,左手,正确
A03,1392,右手,右手,正确
A03,1393,双脚,双脚,正确
A03,1394,左手,左手,正确
A03,1395,舌头,舌头,正确
A03,1396,右手,右手,正确
A03,1397,右手,舌头,错误
A03,1398,双脚,双脚,正确
A03,1399,双脚,双脚,正确
A03,1400,双脚,双脚,正确
A03,1401,舌头,舌头,正确
A03,1402,舌头,双脚,错误
A03,1403,右手,右手,正确
A03,1404,舌头,舌头,正确
A03,1405,左手,左手,正确
A03,1406,舌头,舌头,正确
A03,1407,舌头,舌头,正确
A03,1408,左手,左手,正确
A03,1409,右手,双脚,错误
A03,1410,左手,左手,正确
A03,1411,舌头,舌头,正确
A03,1412,舌头,舌头,正确
A03,1413,左手,左手,正确
A03,1414,右手,舌头,错误
A03,1415,双脚,双脚,正确
A03,1416,右手,右手,正确
A03,1417,舌头,舌头,正确
A03,1418,右手,舌头,错误
A03,1419,双脚,双脚,正确
A03,1420,双脚,双脚,正确
A03,1421,舌头,舌头,正确
A03,1422,左手,左手,正确
A03,1423,双脚,双脚,正确
A03,1424,左手,左手,正确
A03,1425,右手,右手,正确
A03,1426,右手,舌头,错误
A03,1427,舌头,舌头,正确
A03,1428,舌头,舌头,正确
A03,1429,左手,左手,正确
A03,1430,右手,右手,正确
A03,1431,舌头,舌头,正确
A03,1432,左手,双脚,错误
A03,1433,双脚,双脚,正确
A03,1434,双脚,双脚,正确
A03,1435,左手,左手,正确
A03,1436,双脚,双脚,正确
A03,1437,舌头,左手,错误
A03,1438,双脚,双脚,正确
A03,1439,右手,右手,正确
A03,1440,舌头,舌头,正确
A03,1441,双脚,双脚,正确
A03,1442,双脚,双脚,正确
A03,1443,左手,左手,正确
A03,1444,右手,右手,正确
A03,1445,左手,左手,正确
A03,1446,双脚,双脚,正确
A03,1447,右手,右手,正确
A03,1448,左手,左手,正确
A03,1449,双脚,双脚,正确
A03,1450,右手,右手,正确
A03,1451,左手,左手,正确
A03,1452,舌头,舌头,正确
A03,1453,舌头,舌头,正确
A03,1454,右手,右手,正确
A03,1455,右手,右手,正确
A03,1456,左手,左手,正确
A03,1457,双脚,双脚,正确
A03,1458,左手,左手,正确
A03,1459,舌头,舌头,正确
A03,1460,右手,右手,正确
A03,1461,左手,左手,正确
A03,1462,左手,左手,正确
A03,1463,右手,右手,正确
A03,1464,左手,左手,正确
A03,1465,双脚,双脚,正确
A03,1466,舌头,舌头,正确
A03,1467,双脚,双脚,正确
A03,1468,右手,右手,正确
A03,1469,右手,右手,正确
A03,1470,右手,右手,正确
A03,1471,舌头,舌头,正确
A03,1472,右手,右手,正确
A03,1473,右手,右手,正确
A03,1474,双脚,舌头,错误
A03,1475,左手,左手,正确
A03,1476,双脚,双脚,正确
A03,1477,双脚,双脚,正确
A03,1478,双脚,双脚,正确
A03,1479,舌头,舌头,正确
A03,1480,双脚,双脚,正确
A03,1481,舌头,舌头,正确
A03,1482,右手,右手,正确
A03,1483,左手,左手,正确
A03,1484,舌头,舌头,正确
A03,1485,舌头,舌头,正确
A03,1486,左手,左手,正确
A03,1487,双脚,双脚,正确
A03,1488,左手,左手,正确
A03,1489,右手,右手,正确
A03,1490,左手,左手,正确
A03,1491,双脚,双脚,正确
A03,1492,舌头,舌头,正确
A03,1493,舌头,舌头,正确
A03,1494,舌头,舌头,正确
A03,1495,右手,右手,正确
A03,1496,双脚,双脚,正确
A03,1497,左手,左手,正确
A03,1498,右手,右手,正确
A03,1499,双脚,双脚,正确
A03,1500,右手,右手,正确
A03,1501,右手,右手,正确
A03,1502,舌头,双脚,错误
A03,1503,右手,右手,正确
A03,1504,舌头,舌头,正确
A03,1505,舌头,舌头,正确
A03,1506,双脚,双脚,正确
A03,1507,舌头,双脚,错误
A03,1508,左手,左手,正确
A03,1509,舌头,舌头,正确
A03,1510,舌头,舌头,正确
A03,1511,左手,左手,正确
A03,1512,右手,右手,正确
A03,1513,双脚,舌头,错误
A03,1514,双脚,双脚,正确
A03,1515,双脚,双脚,正确
A03,1516,右手,右手,正确
A03,1517,双脚,双脚,正确
A03,1518,左手,左手,正确
A03,1519,左手,左手,正确
A03,1520,舌头,舌头,正确
A03,1521,右手,右手,正确
A03,1522,右手,右手,正确
A03,1523,双脚,双脚,正确
A03,1524,舌头,舌头,正确
A03,1525,左手,左手,正确
A03,1526,舌头,舌头,正确
A03,1527,右手,右手,正确
A03,1528,左手,左手,正确
A03,1529,双脚,双脚,正确
A03,1530,舌头,舌头,正确
A03,1531,左手,左手,正确
A03,1532,右手,舌头,错误
A03,1533,双脚,双脚,正确
A03,1534,左手,左手,正确
A03,1535,双脚,双脚,正确
A03,1536,双脚,双脚,正确
A03,1537,左手,左手,正确
A03,1538,右手,舌头,错误
A03,1539,左手,左手,正确
A03,1540,舌头,舌头,正确
A03,1541,左手,左手,正确
A03,1542,双脚,双脚,正确
A03,1543,左手,左手,正确
A03,1544,舌头,舌头,正确
A03,1545,双脚,双脚,正确
A03,1546,左手,左手,正确
A03,1547,右手,右手,正确
A03,1548,右手,右手,正确
A03,1549,左手,左手,正确
A03,1550,右手,右手,正确
A03,1551,右手,右手,正确
A03,1552,右手,右手,正确
A03,1553,左手,左手,正确
A03,1554,左手,左手,正确
A03,1555,双脚,双脚,正确
A03,1556,双脚,双脚,正确
A03,1557,左手,左手,正确
A03,1558,左手,左手,正确
A03,1559,右手,右手,正确
A03,1560,双脚,双脚,正确
A03,1561,双脚,双脚,正确
A03,1562,舌头,舌头,正确
A03,1563,舌头,双脚,错误
A03,1564,右手,右手,正确
A03,1565,左手,左手,正确
A03,1566,舌头,舌头,正确
A03,1567,舌头,舌头,正确
A03,1568,双脚,双脚,正确
A03,1569,舌头,舌头,正确
A03,1570,右手,右手,正确
A03,1571,双脚,双脚,正确
A03,1572,左手,左手,正确
A03,1573,双脚,舌头,错误
A03,1574,舌头,舌头,正确
A03,1575,右手,右手,正确
A03,1576,双脚,双脚,正确
A03,1577,右手,右手,正确
A03,1578,左手,左手,正确
A03,1579,双脚,双脚,正确
A03,1580,舌头,舌头,正确
A03,1581,双脚,双脚,正确
A03,1582,左手,左手,正确
A03,1583,右手,右手,正确
A03,1584,舌头,左手,错误
A03,1585,双脚,双脚,正确
A03,1586,舌头,舌头,正确
A03,1587,双脚,双脚,正确
A03,1588,舌头,舌头,正确
A03,1589,右手,右手,正确
A03,1590,左手,左手,正确
A03,1591,舌头,双脚,错误
A03,1592,右手,右手,正确
A03,1593,舌头,舌头,正确
A03,1594,双脚,舌头,错误
A03,1595,左手,左手,正确
A03,1596,双脚,双脚,正确
A03,1597,右手,右手,正确
A03,1598,双脚,双脚,正确
A03,1599,右手,右手,正确
A03,1600,双脚,双脚,正确
A03,1601,左手,左手,正确
A03,1602,舌头,舌头,正确
A03,1603,右手,右手,正确
A03,1604,右手,右手,正确
A03,1605,舌头,舌头,正确
A03,1606,双脚,双脚,正确
A03,1607,左手,左手,正确
A03,1608,右手,右手,正确
A03,1609,右手,右手,正确
A03,1610,左手,左手,正确
A03,1611,舌头,舌头,正确
A03,1612,左手,左手,正确
A03,1613,舌头,舌头,正确
A03,1614,左手,左手,正确
A03,1615,舌头,舌头,正确
A03,1616,右手,右手,正确
A03,1617,右手,右手,正确
A03,1618,左手,左手,正确
A03,1619,双脚,双脚,正确
A03,1620,双脚,双脚,正确
A03,1621,左手,左手,正确
A03,1622,右手,右手,正确
A03,1623,右手,右手,正确
A03,1624,双脚,双脚,正确
A03,1625,舌头,舌头,正确
A03,1626,舌头,舌头,正确
A03,1627,舌头,舌头,正确
A03,1628,舌头,双脚,错误
A03,1629,双脚,双脚,正确
A03,1630,舌头,舌头,正确
A03,1631,双脚,左手,错误
A03,1632,左手,左手,正确
A03,1633,舌头,舌头,正确
A03,1634,左手,左手,正确
A03,1635,左手,左手,正确
A03,1636,左手,左手,正确
A03,1637,双脚,双脚,正确
A03,1638,双脚,舌头,错误
A03,1639,舌头,舌头,正确
A03,1640,右手,右手,正确
A03,1641,双脚,双脚,正确
A03,1642,右手,右手,正确
A03,1643,舌头,舌头,正确
A03,1644,双脚,双脚,正确
A03,1645,右手,右手,正确
A03,1646,双脚,双脚,正确
A03,1647,双脚,双脚,正确
A03,1648,右手,右手,正确
A03,1649,右手,右手,正确
A03,1650,左手,左手,正确
A03,1651,舌头,舌头,正确
A03,1652,双脚,双脚,正确
A03,1653,右手,右手,正确
A03,1654,右手,右手,正确
A03,1655,左手,左手,正确
A03,1656,左手,左手,正确
A03,1657,舌头,舌头,正确
A03,1658,舌头,舌头,正确
A03,1659,右手,右手,正确
A03,1660,双脚,双脚,正确
A03,1661,左手,左手,正确
A03,1662,舌头,舌头,正确
A03,1663,双脚,双脚,正确
A03,1664,双脚,双脚,正确
A03,1665,双脚,舌头,错误
A03,1666,右手,右手,正确
A03,1667,右手,右手,正确
A03,1668,右手,舌头,错误
A03,1669,双脚,双脚,正确
A03,1670,舌头,舌头,正确
A03,1671,左手,左手,正确
A03,1672,左手,舌头,错误
A03,1673,舌头,舌头,正确
A03,1674,双脚,双脚,正确
A03,1675,舌头,舌头,正确
A03,1676,舌头,舌头,正确
A03,1677,左手,左手,正确
A03,1678,左手,左手,正确
A03,1679,右手,右手,正确
A03,1680,舌头,舌头,正确
A03,1681,舌头,舌头,正确
A03,1682,舌头,双脚,错误
A03,1683,左手,左手,正确
A03,1684,右手,右手,正确
A03,1685,左手,左手,正确
A03,1686,左手,左手,正确
A03,1687,右手,右手,正确
A03,1688,左手,左手,正确
A03,1689,左手,左手,正确
A03,1690,双脚,双脚,正确
A03,1691,右手,右手,正确
A03,1692,右手,右手,正确
A03,1693,舌头,双脚,错误
A03,1694,舌头,舌头,正确
A03,1695,左手,左手,正确
A03,1696,舌头,舌头,正确
A03,1697,舌头,舌头,正确
A03,1698,右手,右手,正确
A03,1699,双脚,双脚,正确
A03,1700,左手,左手,正确
A03,1701,右手,右手,正确
A03,1702,左手,左手,正确
A03,1703,双脚,双脚,正确
A03,1704,舌头,舌头,正确
A03,1705,左手,左手,正确
A03,1706,左手,左手,正确
A03,1707,双脚,双脚,正确
A03,1708,右手,右手,正确
A03,1709,双脚,双脚,正确
A03,1710,左手,左手,正确
A03,1711,舌头,舌头,正确
A03,1712,舌头,舌头,正确
A03,1713,右手,右手,正确
A03,1714,舌头,舌头,正确
A03,1715,右手,右手,正确
A03,1716,左手,左手,正确
A03,1717,左手,左手,正确
A03,1718,双脚,双脚,正确
A03,1719,双脚,双脚,正确
A03,1720,舌头,舌头,正确
A03,1721,右手,右手,正确
A03,1722,双脚,双脚,正确
A03,1723,左手,左手,正确
A03,1724,右手,右手,正确
A03,1725,右手,右手,正确
A03,1726,双脚,双脚,正确
A03,1727,双脚,双脚,正确
A04,1728,舌头,右手,错误
A04,1729,左手,舌头,错误
A04,1730,双脚,双脚,正确
A04,1731,右手,舌头,错误
A04,1732,左手,舌头,错误
A04,1733,双脚,左手,错误
A04,1734,双脚,双脚,正确
A04,1735,左手,左手,正确
A04,1736,舌头,左手,错误
A04,1737,双脚,双脚,正确
A04,1738,双脚,左手,错误
A04,1739,左手,右手,错误
A04,1740,右手,右手,正确
A04,1741,左手,左手,正确
A04,1742,双脚,舌头,错误
A04,1743,双脚,舌头,错误
A04,1744,左手,左手,正确
A04,1745,右手,舌头,错误
A04,1746,左手,舌头,错误
A04,1747,舌头,舌头,正确
A04,1748,右手,右手,正确
A04,1749,舌头,舌头,正确
A04,1750,左手,左手,正确
A04,1751,双脚,双脚,正确
A04,1752,左手,左手,正确
A04,1753,右手,舌头,错误
A04,1754,左手,舌头,错误
A04,1755,右手,右手,正确
A04,1756,舌头,舌头,正确
A04,1757,双脚,双脚,正确
A04,1758,左手,左手,正确
A04,1759,双脚,右手,错误
A04,1760,舌头,舌头,正确
A04,1761,右手,舌头,错误
A04,1762,左手,左手,正确
A04,1763,左手,双脚,错误
A04,1764,舌头,舌头,正确
A04,1765,右手,双脚,错误
A04,1766,双脚,双脚,正确
A04,1767,双脚,双脚,正确
A04,1768,舌头,舌头,正确
A04,1769,左手,右手,错误
A04,1770,双脚,双脚,正确
A04,1771,双脚,双脚,正确
A04,1772,舌头,舌头,正确
A04,1773,双脚,双脚,正确
A04,1774,舌头,双脚,错误
A04,1775,舌头,双脚,错误
A04,1776,右手,右手,正确
A04,1777,左手,左手,正确
A04,1778,舌头,舌头,正确
A04,1779,右手,右手,正确
A04,1780,右手,右手,正确
A04,1781,舌头,舌头,正确
A04,1782,左手,双脚,错误
A04,1783,右手,左手,错误
A04,1784,左手,左手,正确
A04,1785,舌头,舌头,正确
A04,1786,舌头,舌头,正确
A04,1787,右手,左手,错误
A04,1788,舌头,舌头,正确
A04,1789,右手,左手,错误
A04,1790,舌头,右手,错误
A04,1791,左手,左手,正确
A04,1792,舌头,左手,错误
A04,1793,右手,左手,错误
A04,1794,双脚,双脚,正确
A04,1795,双脚,双脚,正确
A04,1796,左手,右手,错误
A04,1797,双脚,双脚,正确
A04,1798,舌头,舌头,正确
A04,1799,舌头,舌头,正确
A04,1800,双脚,双脚,正确
A04,1801,双脚,双脚,正确
A04,1802,右手,右手,正确
A04,1803,舌头,舌头,正确
A04,1804,左手,左手,正确
A04,1805,左手,双脚,错误
A04,1806,右手,左手,错误
A04,1807,双脚,双脚,正确
A04,1808,右手,右手,正确
A04,1809,双脚,双脚,正确
A04,1810,舌头,舌头,正确
A04,1811,左手,左手,正确
A04,1812,右手,右手,正确
A04,1813,右手,右手,正确
A04,1814,双脚,双脚,正确
A04,1815,舌头,舌头,正确
A04,1816,右手,右手,正确
A04,1817,左手,左手,正确
A04,1818,舌头,舌头,正确
A04,1819,右手,右手,正确
A04,1820,右手,右手,正确
A04,1821,双脚,双脚,正确
A04,1822,左手,左手,正确
A04,1823,舌头,舌头,正确
A04,1824,左手,左手,正确
A04,1825,舌头,舌头,正确
A04,1826,右手,右手,正确
A04,1827,左手,左手,正确
A04,1828,舌头,舌头,正确
A04,1829,右手,右手,正确
A04,1830,左手,左手,正确
A04,1831,舌头,舌头,正确
A04,1832,舌头,舌头,正确
A04,1833,双脚,双脚,正确
A04,1834,右手,右手,正确
A04,1835,双脚,双脚,正确
A04,1836,双脚,双脚,正确
A04,1837,右手,右手,正确
A04,1838,双脚,双脚,正确
A04,1839,双脚,双脚,正确
A04,1840,右手,左手,错误
A04,1841,右手,右手,正确
A04,1842,左手,右手,错误
A04,1843,左手,左手,正确
A04,1844,舌头,左手,错误
A04,1845,舌头,舌头,正确
A04,1846,左手,左手,正确
A04,1847,左手,左手,正确
A04,1848,舌头,右手,错误
A04,1849,双脚,双脚,正确
A04,1850,双脚,双脚,正确
A04,1851,右手,右手,正确
A04,1852,右手,右手,正确
A04,1853,左手,左手,正确
A04,1854,舌头,舌头,正确
A04,1855,双脚,双脚,正确
A04,1856,右手,左手,错误
A04,1857,右手,右手,正确
A04,1858,右手,左手,错误
A04,1859,左手,左手,正确
A04,1860,左手,舌头,错误
A04,1861,双脚,舌头,错误
A04,1862,右手,右手,正确
A04,1863,左手,舌头,错误
A04,1864,右手,右手,正确
A04,1865,舌头,舌头,正确
A04,1866,舌头,舌头,正确
A04,1867,右手,左手,错误
A04,1868,舌头,舌头,正确
A04,1869,左手,左手,正确
A04,1870,双脚,左手,错误
A04,1871,右手,右手,正确
A04,1872,左手,双脚,错误
A04,1873,双脚,双脚,正确
A04,1874,右手,舌头,错误
A04,1875,右手,舌头,错误
A04,1876,双脚,左手,错误
A04,1877,双脚,舌头,错误
A04,1878,左手,左手,正确
A04,1879,右手,舌头,错误
A04,1880,舌头,舌头,正确
A04,1881,舌头,右手,错误
A04,1882,右手,左手,错误
A04,1883,舌头,双脚,错误
A04,1884,舌头,双脚,错误
A04,1885,左手,舌头,错误
A04,1886,双脚,左手,错误
A04,1887,双脚,双脚,正确
A04,1888,左手,左手,正确
A04,1889,右手,舌头,错误
A04,1890,左手,左手,正确
A04,1891,右手,左手,错误
A04,1892,舌头,双脚,错误
A04,1893,右手,左手,错误
A04,1894,左手,左手,正确
A04,1895,双脚,左手,错误
A04,1896,右手,左手,错误
A04,1897,右手,左手,错误
A04,1898,舌头,舌头,正确
A04,1899,舌头,舌头,正确
A04,1900,双脚,双脚,正确
A04,1901,右手,左手,错误
A04,1902,左手,左手,正确
A04,1903,左手,左手,正确
A04,1904,双脚,左手,错误
A04,1905,双脚,双脚,正确
A04,1906,双脚,舌头,错误
A04,1907,双脚,右手,错误
A04,1908,左手,左手,正确
A04,1909,左手,右手,错误
A04,1910,左手,左手,正确
A04,1911,右手,右手,正确
A04,1912,右手,右手,正确
A04,1913,舌头,舌头,正确
A04,1914,舌头,右手,错误
A04,1915,双脚,双脚,正确
A04,1916,舌头,双脚,错误
A04,1917,舌头,舌头,正确
A04,1918,双脚,双脚,正确
A04,1919,舌头,舌头,正确
A04,1920,右手,右手,正确
A04,1921,双脚,双脚,正确
A04,1922,右手,右手,正确
A04,1923,双脚,双脚,正确
A04,1924,双脚,双脚,正确
A04,1925,右手,右手,正确
A04,1926,舌头,左手,错误
A04,1927,双脚,双脚,正确
A04,1928,左手,左手,正确
A04,1929,双脚,双脚,正确
A04,1930,舌头,舌头,正确
A04,1931,右手,右手,正确
A04,1932,舌头,舌头,正确
A04,1933,左手,左手,正确
A04,1934,左手,右手,错误
A04,1935,舌头,双脚,错误
A04,1936,双脚,双脚,正确
A04,1937,双脚,双脚,正确
A04,1938,左手,左手,正确
A04,1939,左手,左手,正确
A04,1940,舌头,舌头,正确
A04,1941,舌头,舌头,正确
A04,1942,右手,双脚,错误
A04,1943,左手,双脚,错误
A04,1944,左手,左手,正确
A04,1945,右手,右手,正确
A04,1946,双脚,双脚,正确
A04,1947,右手,右手,正确
A04,1948,双脚,双脚,正确
A04,1949,左手,左手,正确
A04,1950,双脚,双脚,正确
A04,1951,右手,双脚,错误
A04,1952,舌头,舌头,正确
A04,1953,双脚,双脚,正确
A04,1954,舌头,舌头,正确
A04,1955,舌头,舌头,正确
A04,1956,左手,右手,错误
A04,1957,舌头,舌头,正确
A04,1958,左手,左手,正确
A04,1959,左手,左手,正确
A04,1960,左手,右手,错误
A04,1961,舌头,右手,错误
A04,1962,舌头,舌头,正确
A04,1963,左手,右手,错误
A04,1964,左手,左手,正确
A04,1965,右手,右手,正确
A04,1966,双脚,左手,错误
A04,1967,左手,左手,正确
A04,1968,右手,左手,错误
A04,1969,双脚,左手,错误
A04,1970,左手,左手,正确
A04,1971,舌头,双脚,错误
A04,1972,双脚,双脚,正确
A04,1973,右手,左手,错误
A04,1974,右手,右手,正确
A04,1975,右手,左手,错误
A04,1976,双脚,右手,错误
A04,1977,舌头,舌头,正确
A04,1978,舌头,舌头,正确
A04,1979,双脚,右手,错误
A04,1980,舌头,舌头,正确
A04,1981,左手,左手,正确
A04,1982,舌头,舌头,正确
A04,1983,左手,左手,正确
A04,1984,左手,右手,错误
A04,1985,右手,舌头,错误
A04,1986,舌头,双脚,错误
A04,1987,左手,左手,正确
A04,1988,舌头,双脚,错误
A04,1989,双脚,舌头,错误
A04,1990,舌头,舌头,正确
A04,1991,右手,右手,正确
A04,1992,舌头,左手,错误
A04,1993,右手,左手,错误
A04,1994,双脚,双脚,正确
A04,1995,右手,右手,正确
A04,1996,双脚,舌头,错误
A04,1997,舌头,舌头,正确
A04,1998,双脚,左手,错误
A04,1999,左手,双脚,错误
A04,2000,左手,左手,正确
A04,2001,舌头,舌头,正确
A04,2002,左手,左手,正确
A04,2003,舌头,双脚,错误
A04,2004,舌头,舌头,正确
A04,2005,右手,右手,正确
A04,2006,双脚,双脚,正确
A04,2007,右手,右手,正确
A04,2008,左手,双脚,错误
A04,2009,右手,右手,正确
A04,2010,双脚,双脚,正确
A04,2011,左手,右手,错误
A04,2012,舌头,右手,错误
A04,2013,双脚,右手,错误
A04,2014,双脚,双脚,正确
A04,2015,舌头,舌头,正确
A04,2016,右手,右手,正确
A04,2017,右手,右手,正确
A04,2018,左手,左手,正确
A04,2019,双脚,双脚,正确
A04,2020,双脚,双脚,正确
A04,2021,左手,右手,错误
A04,2022,双脚,双脚,正确
A04,2023,左手,左手,正确
A04,2024,右手,右手,正确
A04,2025,左手,左手,正确
A04,2026,双脚,双脚,正确
A04,2027,右手,右手,正确
A04,2028,双脚,双脚,正确
A04,2029,舌头,舌头,正确
A04,2030,舌头,左手,错误
A04,2031,左手,左手,正确
A04,2032,右手,右手,正确
A04,2033,左手,左手,正确
A04,2034,右手,右手,正确
A04,2035,右手,右手,正确
A04,2036,舌头,右手,错误
A04,2037,右手,右手,正确
A04,2038,左手,左手,正确
A04,2039,双脚,双脚,正确
A04,2040,舌头,舌头,正确
A04,2041,左手,左手,正确
A04,2042,左手,右手,错误
A04,2043,右手,左手,错误
A04,2044,双脚,左手,错误
A04,2045,右手,右手,正确
A04,2046,右手,右手,正确
A04,2047,双脚,双脚,正确
A04,2048,右手,左手,错误
A04,2049,右手,左手,错误
A04,2050,舌头,舌头,正确
A04,2051,左手,舌头,错误
A04,2052,双脚,舌头,错误
A04,2053,双脚,双脚,正确
A04,2054,双脚,双脚,正确
A04,2055,右手,右手,正确
A04,2056,舌头,舌头,正确
A04,2057,舌头,舌头,正确
A04,2058,舌头,舌头,正确
A04,2059,左手,左手,正确
A04,2060,舌头,双脚,错误
A04,2061,左手,舌头,错误
A04,2062,双脚,双脚,正确
A04,2063,双脚,双脚,正确
A04,2064,左手,右手,错误
A04,2065,右手,右手,正确
A04,2066,舌头,双脚,错误
A04,2067,舌头,双脚,错误
A04,2068,舌头,舌头,正确
A04,2069,双脚,右手,错误
A04,2070,左手,左手,正确
A04,2071,双脚,双脚,正确
A04,2072,左手,左手,正确
A04,2073,右手,右手,正确
A04,2074,双脚,舌头,错误
A04,2075,右手,右手,正确
A04,2076,舌头,舌头,正确
A04,2077,右手,舌头,错误
A04,2078,右手,舌头,错误
A04,2079,舌头,舌头,正确
A04,2080,右手,右手,正确
A04,2081,舌头,舌头,正确
A04,2082,双脚,左手,错误
A04,2083,舌头,舌头,正确
A04,2084,舌头,舌头,正确
A04,2085,左手,左手,正确
A04,2086,舌头,舌头,正确
A04,2087,左手,左手,正确
A04,2088,右手,左手,错误
A04,2089,双脚,双脚,正确
A04,2090,双脚,双脚,正确
A04,2091,双脚,左手,错误
A04,2092,右手,舌头,错误
A04,2093,双脚,双脚,正确
A04,2094,左手,右手,错误
A04,2095,右手,左手,错误
A04,2096,左手,左手,正确
A04,2097,右手,右手,正确
A04,2098,舌头,舌头,正确
A04,2099,双脚,双脚,正确
A04,2100,左手,左手,正确
A04,2101,右手,右手,正确
A04,2102,舌头,舌头,正确
A04,2103,舌头,左手,错误
A04,2104,左手,左手,正确
A04,2105,双脚,右手,错误
A04,2106,左手,右手,错误
A04,2107,舌头,舌头,正确
A04,2108,右手,舌头,错误
A04,2109,双脚,双脚,正确
A04,2110,左手,左手,正确
A04,2111,双脚,左手,错误
A04,2112,双脚,舌头,错误
A04,2113,左手,左手,正确
A04,2114,左手,左手,正确
A04,2115,左手,左手,正确
A04,2116,双脚,双脚,正确
A04,2117,左手,双脚,错误
A04,2118,舌头,舌头,正确
A04,2119,右手,右手,正确
A04,2120,舌头,双脚,错误
A04,2121,双脚,双脚,正确
A04,2122,左手,左手,正确
A04,2123,右手,右手,正确
A04,2124,右手,右手,正确
A04,2125,左手,左手,正确
A04,2126,右手,右手,正确
A04,2127,右手,左手,错误
A04,2128,右手,右手,正确
A04,2129,双脚,双脚,正确
A04,2130,左手,左手,正确
A04,2131,左手,左手,正确
A04,2132,双脚,双脚,正确
A04,2133,左手,左手,正确
A04,2134,双脚,双脚,正确
A04,2135,右手,左手,错误
A04,2136,双脚,舌头,错误
A04,2137,左手,左手,正确
A04,2138,舌头,舌头,正确
A04,2139,舌头,舌头,正确
A04,2140,舌头,右手,错误
A04,2141,舌头,舌头,正确
A04,2142,左手,左手,正确
A04,2143,右手,左手,错误
A04,2144,双脚,双脚,正确
A04,2145,双脚,双脚,正确
A04,2146,舌头,舌头,正确
A04,2147,右手,舌头,错误
A04,2148,舌头,舌头,正确
A04,2149,左手,左手,正确
A04,2150,双脚,双脚,正确
A04,2151,右手,舌头,错误
A04,2152,舌头,舌头,正确
A04,2153,右手,舌头,错误
A04,2154,左手,左手,正确
A04,2155,双脚,左手,错误
A04,2156,双脚,舌头,错误
A04,2157,双脚,双脚,正确
A04,2158,左手,右手,错误
A04,2159,右手,右手,正确
A04,2160,双脚,舌头,错误
A04,2161,双脚,舌头,错误
A04,2162,舌头,双脚,错误
A04,2163,舌头,右手,错误
A04,2164,左手,右手,错误
A04,2165,舌头,舌头,正确
A04,2166,右手,右手,正确
A04,2167,右手,右手,正确
A04,2168,舌头,舌头,正确
A04,2169,舌头,舌头,正确
A04,2170,双脚,双脚,正确
A04,2171,双脚,舌头,错误
A04,2172,左手,左手,正确
A04,2173,右手,右手,正确
A04,2174,右手,右手,正确
A04,2175,双脚,双脚,正确
A04,2176,右手,左手,错误
A04,2177,右手,右手,正确
A04,2178,舌头,双脚,错误
A04,2179,左手,右手,错误
A04,2180,双脚,双脚,正确
A04,2181,舌头,舌头,正确
A04,2182,左手,左手,正确
A04,2183,双脚,舌头,错误
A04,2184,舌头,右手,错误
A04,2185,右手,右手,正确
A04,2186,右手,右手,正确
A04,2187,舌头,舌头,正确
A04,2188,左手,左手,正确
A04,2189,左手,双脚,错误
A04,2190,舌头,舌头,正确
A04,2191,左手,左手,正确
A04,2192,右手,右手,正确
A04,2193,右手,右手,正确
A04,2194,双脚,双脚,正确
A04,2195,双脚,双脚,正确
A04,2196,左手,左手,正确
A04,2197,右手,左手,错误
A04,2198,左手,左手,正确
A04,2199,舌头,双脚,错误
A04,2200,右手,右手,正确
A04,2201,双脚,左手,错误
A04,2202,舌头,右手,错误
A04,2203,舌头,双脚,错误
A04,2204,舌头,左手,错误
A04,2205,舌头,舌头,正确
A04,2206,双脚,双脚,正确
A04,2207,双脚,右手,错误
A04,2208,左手,舌头,错误
A04,2209,左手,左手,正确
A04,2210,舌头,舌头,正确
A04,2211,左手,左手,正确
A04,2212,左手,双脚,错误
A04,2213,右手,右手,正确
A04,2214,双脚,双脚,正确
A04,2215,右手,右手,正确
A04,2216,双脚,双脚,正确
A04,2217,舌头,左手,错误
A04,2218,双脚,双脚,正确
A04,2219,舌头,舌头,正确
A04,2220,双脚,左手,错误
A04,2221,右手,双脚,错误
A04,2222,双脚,双脚,正确
A04,2223,左手,左手,正确
A04,2224,右手,舌头,错误
A04,2225,双脚,双脚,正确
A04,2226,右手,左手,错误
A04,2227,舌头,舌头,正确
A04,2228,右手,舌头,错误
A04,2229,双脚,右手,错误
A04,2230,左手,左手,正确
A04,2231,左手,右手,错误
A04,2232,舌头,左手,错误
A04,2233,右手,舌头,错误
A04,2234,舌头,左手,错误
A04,2235,双脚,双脚,正确
A04,2236,左手,左手,正确
A04,2237,右手,左手,错误
A04,2238,双脚,双脚,正确
A04,2239,舌头,舌头,正确
A04,2240,双脚,双脚,正确
A04,2241,双脚,双脚,正确
A04,2242,右手,左手,错误
A04,2243,双脚,双脚,正确
A04,2244,右手,右手,正确
A04,2245,舌头,舌头,正确
A04,2246,舌头,双脚,错误
A04,2247,右手,左手,错误
A04,2248,左手,左手,正确
A04,2249,双脚,双脚,正确
A04,2250,左手,左手,正确
A04,2251,舌头,舌头,正确
A04,2252,左手,左手,正确
A04,2253,左手,左手,正确
A04,2254,舌头,舌头,正确
A04,2255,舌头,双脚,错误
A04,2256,右手,右手,正确
A04,2257,舌头,双脚,错误
A04,2258,左手,左手,正确
A04,2259,舌头,右手,错误
A04,2260,左手,左手,正确
A04,2261,右手,右手,正确
A04,2262,左手,右手,错误
A04,2263,左手,左手,正确
A04,2264,双脚,双脚,正确
A04,2265,右手,左手,错误
A04,2266,左手,左手,正确
A04,2267,右手,右手,正确
A04,2268,右手,舌头,错误
A04,2269,舌头,舌头,正确
A04,2270,舌头,舌头,正确
A04,2271,舌头,舌头,正确
A04,2272,舌头,舌头,正确
A04,2273,右手,右手,正确
A04,2274,左手,左手,正确
A04,2275,双脚,左手,错误
A04,2276,左手,左手,正确
A04,2277,左手,左手,正确
A04,2278,右手,右手,正确
A04,2279,双脚,双脚,正确
A04,2280,左手,左手,正确
A04,2281,双脚,双脚,正确
A04,2282,舌头,舌头,正确
A04,2283,左手,左手,正确
A04,2284,双脚,舌头,错误
A04,2285,左手,左手,正确
A04,2286,右手,右手,正确
A04,2287,舌头,双脚,错误
A04,2288,舌头,舌头,正确
A04,2289,右手,右手,正确
A04,2290,右手,右手,正确
A04,2291,舌头,舌头,正确
A04,2292,左手,左手,正确
A04,2293,左手,双脚,错误
A04,2294,舌头,舌头,正确
A04,2295,右手,舌头,错误
A04,2296,双脚,双脚,正确
A04,2297,双脚,舌头,错误
A04,2298,双脚,双脚,正确
A04,2299,右手,右手,正确
A04,2300,右手,舌头,错误
A04,2301,左手,左手,正确
A04,2302,双脚,双脚,正确
A04,2303,双脚,双脚,正确
A05,2304,右手,右手,正确
A05,2305,舌头,舌头,正确
A05,2306,左手,左手,正确
A05,2307,双脚,舌头,错误
A05,2308,左手,双脚,错误
A05,2309,双脚,舌头,错误
A05,2310,左手,舌头,错误
A05,2311,双脚,双脚,正确
A05,2312,双脚,双脚,正确
A05,2313,舌头,双脚,错误
A05,2314,双脚,双脚,正确
A05,2315,左手,左手,正确
A05,2316,右手,舌头,错误
A05,2317,双脚,左手,错误
A05,2318,左手,右手,错误
A05,2319,左手,左手,正确
A05,2320,双脚,左手,错误
A05,2321,右手,右手,正确
A05,2322,左手,左手,正确
A05,2323,舌头,双脚,错误
A05,2324,舌头,舌头,正确
A05,2325,左手,左手,正确
A05,2326,右手,右手,正确
A05,2327,双脚,舌头,错误
A05,2328,左手,左手,正确
A05,2329,左手,左手,正确
A05,2330,右手,右手,正确
A05,2331,舌头,舌头,正确
A05,2332,双脚,左手,错误
A05,2333,右手,右手,正确
A05,2334,左手,双脚,错误
A05,2335,舌头,舌头,正确
A05,2336,双脚,左手,错误
A05,2337,右手,右手,正确
A05,2338,左手,左手,正确
A05,2339,舌头,舌头,正确
A05,2340,右手,右手,正确
A05,2341,左手,左手,正确
A05,2342,双脚,双脚,正确
A05,2343,舌头,右手,错误
A05,2344,双脚,左手,错误
A05,2345,双脚,舌头,错误
A05,2346,左手,左手,正确
A05,2347,舌头,舌头,正确
A05,2348,双脚,右手,错误
A05,2349,双脚,右手,错误
A05,2350,舌头,双脚,错误
A05,2351,右手,右手,正确
A05,2352,舌头,舌头,正确
A05,2353,舌头,舌头,正确
A05,2354,左手,双脚,错误
A05,2355,右手,右手,正确
A05,2356,左手,左手,正确
A05,2357,右手,右手,正确
A05,2358,舌头,舌头,正确
A05,2359,左手,右手,错误
A05,2360,右手,右手,正确
A05,2361,舌头,舌头,正确
A05,2362,舌头,双脚,错误
A05,2363,右手,右手,正确
A05,2364,舌头,双脚,错误
A05,2365,右手,右手,正确
A05,2366,右手,右手,正确
A05,2367,左手,左手,正确
A05,2368,舌头,舌头,正确
A05,2369,舌头,左手,错误
A05,2370,双脚,左手,错误
A05,2371,双脚,左手,错误
A05,2372,左手,左手,正确
A05,2373,舌头,双脚,错误
A05,2374,双脚,左手,错误
A05,2375,舌头,舌头,正确
A05,2376,双脚,双脚,正确
A05,2377,双脚,右手,错误
A05,2378,左手,左手,正确
A05,2379,右手,右手,正确
A05,2380,左手,舌头,错误
A05,2381,舌头,舌头,正确
A05,2382,双脚,右手,错误
A05,2383,双脚,双脚,正确
A05,2384,右手,右手,正确
A05,2385,左手,左手,正确
A05,2386,右手,双脚,错误
A05,2387,右手,左手,错误
A05,2388,舌头,舌头,正确
A05,2389,右手,右手,正确
A05,2390,双脚,双脚,正确
A05,2391,舌头,舌头,正确
A05,2392,左手,双脚,错误
A05,2393,舌头,舌头,正确
A05,2394,右手,右手,正确
A05,2395,右手,左手,错误
A05,2396,双脚,左手,错误
A05,2397,右手,右手,正确
A05,2398,左手,左手,正确
A05,2399,舌头,右手,错误
A05,2400,左手,左手,正确
A05,2401,左手,左手,正确
A05,2402,左手,右手,错误
A05,2403,舌头,舌头,正确
A05,2404,右手,舌头,错误
A05,2405,舌头,舌头,正确
A05,2406,右手,右手,正确
A05,2407,舌头,舌头,正确
A05,2408,舌头,舌头,正确
A05,2409,双脚,双脚,正确
A05,2410,右手,右手,正确
A05,2411,右手,右手,正确
A05,2412,右手,左手,错误
A05,2413,右手,右手,正确
A05,2414,左手,右手,错误
A05,2415,双脚,舌头,错误
A05,2416,双脚,双脚,正确
A05,2417,双脚,双脚,正确
A05,2418,双脚,左手,错误
A05,2419,左手,双脚,错误
A05,2420,左手,左手,正确
A05,2421,左手,左手,正确
A05,2422,双脚,双脚,正确
A05,2423,舌头,舌头,正确
A05,2424,双脚,舌头,错误
A05,2425,舌头,双脚,错误
A05,2426,舌头,舌头,正确
A05,2427,右手,右手,正确
A05,2428,左手,双脚,错误
A05,2429,右手,右手,正确
A05,2430,双脚,舌头,错误
A05,2431,舌头,舌头,正确
A05,2432,右手,右手,正确
A05,2433,右手,右手,正确
A05,2434,左手,双脚,错误
A05,2435,右手,右手,正确
A05,2436,右手,右手,正确
A05,2437,左手,左手,正确
A05,2438,左手,双脚,错误
A05,2439,双脚,舌头,错误
A05,2440,舌头,双脚,错误
A05,2441,舌头,舌头,正确
A05,2442,右手,右手,正确
A05,2443,右手,右手,正确
A05,2444,双脚,双脚,正确
A05,2445,左手,左手,正确
A05,2446,双脚,双脚,正确
A05,2447,舌头,舌头,正确
A05,2448,左手,左手,正确
A05,2449,双脚,双脚,正确
A05,2450,右手,右手,正确
A05,2451,右手,右手,正确
A05,2452,右手,右手,正确
A05,2453,左手,左手,正确
A05,2454,双脚,舌头,错误
A05,2455,舌头,舌头,正确
A05,2456,右手,右手,正确
A05,2457,舌头,舌头,正确
A05,2458,舌头,舌头,正确
A05,2459,右手,舌头,错误
A05,2460,舌头,舌头,正确
A05,2461,双脚,左手,错误
A05,2462,右手,右手,正确
A05,2463,左手,左手,正确
A05,2464,双脚,双脚,正确
A05,2465,左手,左手,正确
A05,2466,右手,右手,正确
A05,2467,左手,左手,正确
A05,2468,舌头,双脚,错误
A05,2469,右手,右手,正确
A05,2470,右手,右手,正确
A05,2471,左手,左手,正确
A05,2472,双脚,双脚,正确
A05,2473,右手,舌头,错误
A05,2474,舌头,舌头,正确
A05,2475,舌头,舌头,正确
A05,2476,右手,右手,正确
A05,2477,双脚,双脚,正确
A05,2478,左手,左手,正确
A05,2479,左手,左手,正确
A05,2480,双脚,双脚,正确
A05,2481,双脚,双脚,正确
A05,2482,双脚,左手,错误
A05,2483,双脚,双脚,正确
A05,2484,左手,左手,正确
A05,2485,左手,左手,正确
A05,2486,左手,双脚,错误
A05,2487,右手,右手,正确
A05,2488,右手,双脚,错误
A05,2489,舌头,舌头,正确
A05,2490,舌头,舌头,正确
A05,2491,双脚,双脚,正确
A05,2492,右手,双脚,错误
A05,2493,右手,右手,正确
A05,2494,双脚,舌头,错误
A05,2495,双脚,双脚,正确
A05,2496,舌头,舌头,正确
A05,2497,舌头,舌头,正确
A05,2498,舌头,舌头,正确
A05,2499,双脚,双脚,正确
A05,2500,右手,右手,正确
A05,2501,舌头,舌头,正确
A05,2502,双脚,双脚,正确
A05,2503,双脚,双脚,正确
A05,2504,左手,双脚,错误
A05,2505,双脚,双脚,正确
A05,2506,舌头,舌头,正确
A05,2507,左手,左手,正确
A05,2508,右手,舌头,错误
A05,2509,舌头,舌头,正确
A05,2510,左手,左手,正确
A05,2511,双脚,双脚,正确
A05,2512,舌头,左手,错误
A05,2513,双脚,双脚,正确
A05,2514,左手,左手,正确
A05,2515,左手,双脚,错误
A05,2516,舌头,舌头,正确
A05,2517,舌头,舌头,正确
A05,2518,右手,右手,正确
A05,2519,左手,舌头,错误
A05,2520,左手,左手,正确
A05,2521,右手,双脚,错误
A05,2522,右手,右手,正确
A05,2523,双脚,双脚,正确
A05,2524,双脚,双脚,正确
A05,2525,双脚,右手,错误
A05,2526,左手,右手,错误
A05,2527,右手,双脚,错误
A05,2528,舌头,舌头,正确
A05,2529,舌头,舌头,正确
A05,2530,双脚,双脚,正确
A05,2531,左手,左手,正确
A05,2532,舌头,舌头,正确
A05,2533,左手,左手,正确
A05,2534,左手,舌头,错误
A05,2535,舌头,舌头,正确
A05,2536,左手,右手,错误
A05,2537,右手,右手,正确
A05,2538,左手,左手,正确
A05,2539,左手,双脚,错误
A05,2540,舌头,双脚,错误
A05,2541,舌头,右手,错误
A05,2542,双脚,左手,错误
A05,2543,左手,左手,正确
A05,2544,右手,右手,正确
A05,2545,双脚,双脚,正确
A05,2546,左手,左手,正确
A05,2547,舌头,舌头,正确
A05,2548,右手,右手,正确
A05,2549,右手,右手,正确
A05,2550,双脚,舌头,错误
A05,2551,双脚,双脚,正确
A05,2552,双脚,双脚,正确
A05,2553,舌头,舌头,正确
A05,2554,舌头,双脚,错误
A05,2555,右手,右手,正确
A05,2556,舌头,舌头,正确
A05,2557,左手,双脚,错误
A05,2558,舌头,双脚,错误
A05,2559,舌头,右手,错误
A05,2560,左手,左手,正确
A05,2561,右手,右手,正确
A05,2562,左手,左手,正确
A05,2563,舌头,舌头,正确
A05,2564,舌头,舌头,正确
A05,2565,左手,左手,正确
A05,2566,右手,右手,正确
A05,2567,双脚,双脚,正确
A05,2568,右手,右手,正确
A05,2569,舌头,舌头,正确
A05,2570,右手,右手,正确
A05,2571,双脚,舌头,错误
A05,2572,双脚,双脚,正确
A05,2573,舌头,左手,错误
A05,2574,左手,右手,错误
A05,2575,双脚,双脚,正确
A05,2576,左手,左手,正确
A05,2577,右手,右手,正确
A05,2578,右手,右手,正确
A05,2579,舌头,右手,错误
A05,2580,舌头,双脚,错误
A05,2581,左手,左手,正确
A05,2582,右手,双脚,错误
A05,2583,舌头,双脚,错误
A05,2584,左手,左手,正确
A05,2585,双脚,双脚,正确
A05,2586,双脚,双脚,正确
A05,2587,左手,右手,错误
A05,2588,双脚,双脚,正确
A05,2589,舌头,舌头,正确
A05,2590,双脚,左手,错误
A05,2591,右手,右手,正确
A05,2592,舌头,右手,错误
A05,2593,双脚,舌头,错误
A05,2594,双脚,左手,错误
A05,2595,左手,双脚,错误
A05,2596,右手,右手,正确
A05,2597,左手,左手,正确
A05,2598,双脚,左手,错误
A05,2599,右手,右手,正确
A05,2600,左手,左手,正确
A05,2601,双脚,舌头,错误
A05,2602,右手,左手,错误
A05,2603,左手,左手,正确
A05,2604,舌头,双脚,错误
A05,2605,舌头,双脚,错误
A05,2606,右手,右手,正确
A05,2607,右手,左手,错误
A05,2608,左手,左手,正确
A05,2609,双脚,左手,错误
A05,2610,左手,右手,错误
A05,2611,舌头,舌头,正确
A05,2612,右手,右手,正确
A05,2613,左手,双脚,错误
A05,2614,左手,双脚,错误
A05,2615,右手,右手,正确
A05,2616,左手,左手,正确
A05,2617,双脚,双脚,正确
A05,2618,舌头,舌头,正确
A05,2619,双脚,双脚,正确
A05,2620,右手,右手,正确
A05,2621,右手,右手,正确
A05,2622,右手,双脚,错误
A05,2623,舌头,舌头,正确
A05,2624,右手,右手,正确
A05,2625,右手,右手,正确
A05,2626,双脚,双脚,正确
A05,2627,左手,左手,正确
A05,2628,双脚,舌头,错误
A05,2629,双脚,左手,错误
A05,2630,双脚,双脚,正确
A05,2631,舌头,舌头,正确
A05,2632,双脚,双脚,正确
A05,2633,舌头,舌头,正确
A05,2634,右手,舌头,错误
A05,2635,左手,左手,正确
A05,2636,舌头,舌头,正确
A05,2637,舌头,左手,错误
A05,2638,左手,右手,错误
A05,2639,双脚,左手,错误
A05,2640,左手,左手,正确
A05,2641,右手,右手,正确
A05,2642,左手,右手,错误
A05,2643,双脚,左手,错误
A05,2644,舌头,舌头,正确
A05,2645,舌头,左手,错误
A05,2646,舌头,左手,错误
A05,2647,右手,右手,正确
A05,2648,双脚,右手,错误
A05,2649,左手,双脚,错误
A05,2650,右手,右手,正确
A05,2651,双脚,左手,错误
A05,2652,右手,舌头,错误
A05,2653,右手,左手,错误
A05,2654,舌头,双脚,错误
A05,2655,右手,右手,正确
A05,2656,舌头,双脚,错误
A05,2657,舌头,舌头,正确
A05,2658,双脚,双脚,正确
A05,2659,舌头,左手,错误
A05,2660,左手,左手,正确
A05,2661,舌头,舌头,正确
A05,2662,舌头,舌头,正确
A05,2663,左手,右手,错误
A05,2664,右手,双脚,错误
A05,2665,双脚,舌头,错误
A05,2666,双脚,舌头,错误
A05,2667,双脚,双脚,正确
A05,2668,右手,右手,正确
A05,2669,双脚,双脚,正确
A05,2670,左手,左手,正确
A05,2671,左手,双脚,错误
A05,2672,舌头,舌头,正确
A05,2673,右手,右手,正确
A05,2674,右手,右手,正确
A05,2675,双脚,双脚,正确
A05,2676,舌头,双脚,错误
A05,2677,左手,左手,正确
A05,2678,舌头,双脚,错误
A05,2679,右手,右手,正确
A05,2680,左手,右手,错误
A05,2681,双脚,左手,错误
A05,2682,舌头,舌头,正确
A05,2683,左手,双脚,错误
A05,2684,右手,双脚,错误
A05,2685,双脚,左手,错误
A05,2686,左手,右手,错误
A05,2687,双脚,双脚,正确
A05,2688,双脚,左手,错误
A05,2689,左手,双脚,错误
A05,2690,右手,右手,正确
A05,2691,左手,双脚,错误
A05,2692,舌头,双脚,错误
A05,2693,左手,左手,正确
A05,2694,双脚,双脚,正确
A05,2695,左手,双脚,错误
A05,2696,舌头,舌头,正确
A05,2697,双脚,双脚,正确
A05,2698,左手,左手,正确
A05,2699,右手,右手,正确
A05,2700,右手,右手,正确
A05,2701,左手,左手,正确
A05,2702,右手,右手,正确
A05,2703,右手,左手,错误
A05,2704,右手,左手,错误
A05,2705,左手,左手,正确
A05,2706,左手,左手,正确
A05,2707,双脚,舌头,错误
A05,2708,双脚,右手,错误
A05,2709,左手,左手,正确
A05,2710,左手,左手,正确
A05,2711,右手,双脚,错误
A05,2712,双脚,左手,错误
A05,2713,双脚,舌头,错误
A05,2714,舌头,舌头,正确
A05,2715,舌头,舌头,正确
A05,2716,右手,右手,正确
A05,2717,左手,左手,正确
A05,2718,舌头,双脚,错误
A05,2719,舌头,左手,错误
A05,2720,双脚,舌头,错误
A05,2721,舌头,舌头,正确
A05,2722,右手,右手,正确
A05,2723,双脚,左手,错误
A05,2724,左手,左手,正确
A05,2725,双脚,舌头,错误
A05,2726,舌头,舌头,正确
A05,2727,右手,右手,正确
A05,2728,双脚,右手,错误
A05,2729,右手,舌头,错误
A05,2730,左手,舌头,错误
A05,2731,双脚,左手,错误
A05,2732,舌头,舌头,正确
A05,2733,双脚,双脚,正确
A05,2734,左手,舌头,错误
A05,2735,右手,双脚,错误
A05,2736,舌头,舌头,正确
A05,2737,双脚,双脚,正确
A05,2738,舌头,右手,错误
A05,2739,双脚,双脚,正确
A05,2740,舌头,右手,错误
A05,2741,右手,右手,正确
A05,2742,左手,舌头,错误
A05,2743,舌头,舌头,正确
A05,2744,右手,右手,正确
A05,2745,舌头,双脚,错误
A05,2746,双脚,右手,错误
A05,2747,左手,双脚,错误
A05,2748,双脚,右手,错误
A05,2749,右手,左手,错误
A05,2750,双脚,右手,错误
A05,2751,右手,右手,正确
A05,2752,双脚,舌头,错误
A05,2753,左手,左手,正确
A05,2754,舌头,舌头,正确
A05,2755,右手,右手,正确
A05,2756,右手,右手,正确
A05,2757,舌头,舌头,正确
A05,2758,双脚,舌头,错误
A05,2759,左手,左手,正确
A05,2760,右手,右手,正确
A05,2761,右手,右手,正确
A05,2762,左手,左手,正确
A05,2763,舌头,舌头,正确
A05,2764,左手,左手,正确
A05,2765,舌头,舌头,正确
A05,2766,左手,左手,正确
A05,2767,舌头,舌头,正确
A05,2768,右手,右手,正确
A05,2769,右手,双脚,错误
A05,2770,左手,双脚,错误
A05,2771,双脚,左手,错误
A05,2772,双脚,舌头,错误
A05,2773,左手,左手,正确
A05,2774,右手,左手,错误
A05,2775,右手,右手,正确
A05,2776,双脚,双脚,正确
A05,2777,舌头,双脚,错误
A05,2778,舌头,右手,错误
A05,2779,舌头,双脚,错误
A05,2780,舌头,双脚,错误
A05,2781,双脚,左手,错误
A05,2782,舌头,左手,错误
A05,2783,双脚,右手,错误
A05,2784,左手,左手,正确
A05,2785,舌头,舌头,正确
A05,2786,左手,双脚,错误
A05,2787,左手,右手,错误
A05,2788,左手,左手,正确
A05,2789,双脚,双脚,正确
A05,2790,双脚,双脚,正确
A05,2791,舌头,双脚,错误
A05,2792,右手,左手,错误
A05,2793,双脚,双脚,正确
A05,2794,右手,右手,正确
A05,2795,舌头,左手,错误
A05,2796,双脚,舌头,错误
A05,2797,右手,右手,正确
A05,2798,双脚,双脚,正确
A05,2799,双脚,右手,错误
A05,2800,右手,右手,正确
A05,2801,右手,双脚,错误
A05,2802,左手,左手,正确
A05,2803,舌头,舌头,正确
A05,2804,双脚,左手,错误
A05,2805,右手,右手,正确
A05,2806,右手,右手,正确
A05,2807,左手,左手,正确
A05,2808,左手,左手,正确
A05,2809,舌头,舌头,正确
A05,2810,舌头,双脚,错误
A05,2811,右手,右手,正确
A05,2812,双脚,双脚,正确
A05,2813,左手,右手,错误
A05,2814,舌头,右手,错误
A05,2815,双脚,双脚,正确
A05,2816,双脚,左手,错误
A05,2817,双脚,双脚,正确
A05,2818,右手,右手,正确
A05,2819,右手,右手,正确
A05,2820,右手,右手,正确
A05,2821,双脚,左手,错误
A05,2822,舌头,舌头,正确
A05,2823,左手,双脚,错误
A05,2824,左手,左手,正确
A05,2825,舌头,双脚,错误
A05,2826,双脚,双脚,正确
A05,2827,舌头,左手,错误
A05,2828,舌头,左手,错误
A05,2829,左手,左手,正确
A05,2830,左手,左手,正确
A05,2831,右手,左手,错误
A05,2832,舌头,左手,错误
A05,2833,舌头,右手,错误
A05,2834,舌头,左手,错误
A05,2835,左手,左手,正确
A05,2836,右手,左手,错误
A05,2837,左手,左手,正确
A05,2838,左手,左手,正确
A05,2839,右手,右手,正确
A05,2840,左手,左手,正确
A05,2841,左手,双脚,错误
A05,2842,双脚,左手,错误
A05,2843,右手,右手,正确
A05,2844,右手,右手,正确
A05,2845,舌头,左手,错误
A05,2846,舌头,双脚,错误
A05,2847,左手,左手,正确
A05,2848,舌头,舌头,正确
A05,2849,舌头,右手,错误
A05,2850,右手,右手,正确
A05,2851,双脚,双脚,正确
A05,2852,左手,双脚,错误
A05,2853,右手,右手,正确
A05,2854,左手,双脚,错误
A05,2855,双脚,双脚,正确
A05,2856,舌头,舌头,正确
A05,2857,左手,左手,正确
A05,2858,左手,双脚,错误
A05,2859,双脚,双脚,正确
A05,2860,右手,右手,正确
A05,2861,双脚,双脚,正确
A05,2862,左手,左手,正确
A05,2863,舌头,舌头,正确
A05,2864,舌头,舌头,正确
A05,2865,右手,左手,错误
A05,2866,舌头,舌头,正确
A05,2867,右手,右手,正确
A05,2868,左手,右手,错误
A05,2869,左手,左手,正确
A05,2870,双脚,双脚,正确
A05,2871,双脚,右手,错误
A05,2872,舌头,舌头,正确
A05,2873,右手,右手,正确
A05,2874,双脚,双脚,正确
A05,2875,左手,双脚,错误
A05,2876,右手,右手,正确
A05,2877,右手,右手,正确
A05,2878,双脚,舌头,错误
A05,2879,双脚,右手,错误
A06,2880,舌头,舌头,正确
A06,2881,双脚,双脚,正确
A06,2882,双脚,双脚,正确
A06,2883,双脚,左手,错误
A06,2884,左手,舌头,错误
A06,2885,左手,舌头,错误
A06,2886,右手,右手,正确
A06,2887,舌头,舌头,正确
A06,2888,双脚,双脚,正确
A06,2889,左手,右手,错误
A06,2890,双脚,双脚,正确
A06,2891,左手,右手,错误
A06,2892,左手,左手,正确
A06,2893,右手,右手,正确
A06,2894,双脚,双脚,正确
A06,2895,舌头,舌头,正确
A06,2896,舌头,舌头,正确
A06,2897,左手,左手,正确
A06,2898,双脚,双脚,正确
A06,2899,右手,舌头,错误
A06,2900,双脚,舌头,错误
A06,2901,左手,右手,错误
A06,2902,右手,舌头,错误
A06,2903,左手,右手,错误
A06,2904,左手,双脚,错误
A06,2905,右手,舌头,错误
A06,2906,舌头,舌头,正确
A06,2907,左手,左手,正确
A06,2908,右手,右手,正确
A06,2909,双脚,双脚,正确
A06,2910,左手,右手,错误
A06,2911,舌头,双脚,错误
A06,2912,双脚,双脚,正确
A06,2913,右手,右手,正确
A06,2914,左手,左手,正确
A06,2915,舌头,双脚,错误
A06,2916,左手,舌头,错误
A06,2917,双脚,舌头,错误
A06,2918,右手,右手,正确
A06,2919,舌头,右手,错误
A06,2920,双脚,双脚,正确
A06,2921,双脚,舌头,错误
A06,2922,左手,双脚,错误
A06,2923,舌头,双脚,错误
A06,2924,右手,右手,正确
A06,2925,右手,舌头,错误
A06,2926,舌头,舌头,正确
A06,2927,舌头,右手,错误
A06,2928,双脚,右手,错误
A06,2929,双脚,双脚,正确
A06,2930,右手,右手,正确
A06,2931,舌头,右手,错误
A06,2932,左手,右手,错误
A06,2933,左手,右手,错误
A06,2934,舌头,双脚,错误
A06,2935,左手,左手,正确
A06,2936,右手,右手,正确
A06,2937,舌头,舌头,正确
A06,2938,右手,右手,正确
A06,2939,舌头,舌头,正确
A06,2940,舌头,右手,错误
A06,2941,右手,右手,正确
A06,2942,右手,右手,正确
A06,2943,左手,左手,正确
A06,2944,舌头,舌头,正确
A06,2945,舌头,舌头,正确
A06,2946,双脚,右手,错误
A06,2947,双脚,双脚,正确
A06,2948,左手,左手,正确
A06,2949,舌头,左手,错误
A06,2950,双脚,左手,错误
A06,2951,舌头,舌头,正确
A06,2952,双脚,双脚,正确
A06,2953,双脚,双脚,正确
A06,2954,左手,左手,正确
A06,2955,右手,右手,正确
A06,2956,左手,双脚,错误
A06,2957,舌头,右手,错误
A06,2958,双脚,双脚,正确
A06,2959,双脚,双脚,正确
A06,2960,右手,右手,正确
A06,2961,左手,双脚,错误
A06,2962,右手,右手,正确
A06,2963,右手,右手,正确
A06,2964,舌头,舌头,正确
A06,2965,右手,左手,错误
A06,2966,双脚,双脚,正确
A06,2967,舌头,舌头,正确
A06,2968,左手,左手,正确
A06,2969,舌头,右手,错误
A06,2970,右手,舌头,错误
A06,2971,右手,舌头,错误
A06,2972,双脚,双脚,正确
A06,2973,右手,右手,正确
A06,2974,左手,左手,正确
A06,2975,舌头,舌头,正确
A06,2976,左手,左手,正确
A06,2977,左手,右手,错误
A06,2978,左手,右手,错误
A06,2979,舌头,舌头,正确
A06,2980,右手,右手,正确
A06,2981,舌头,舌头,正确
A06,2982,右手,左手,错误
A06,2983,舌头,舌头,正确
A06,2984,舌头,舌头,正确
A06,2985,双脚,双脚,正确
A06,2986,右手,左手,错误
A06,2987,右手,舌头,错误
A06,2988,右手,双脚,错误
A06,2989,右手,右手,正确
A06,2990,左手,右手,错误
A06,2991,双脚,双脚,正确
A06,2992,双脚,双脚,正确
A06,2993,双脚,左手,错误
A06,2994,双脚,双脚,正确
A06,2995,左手,右手,错误
A06,2996,舌头,左手,错误
A06,2997,舌头,双脚,错误
A06,2998,双脚,双脚,正确
A06,2999,双脚,双脚,正确
A06,3000,左手,左手,正确
A06,3001,左手,左手,正确
A06,3002,舌头,双脚,错误
A06,3003,右手,舌头,错误
A06,3004,双脚,双脚,正确
A06,3005,右手,舌头,错误
A06,3006,左手,舌头,错误
A06,3007,舌头,双脚,错误
A06,3008,右手,右手,正确
A06,3009,右手,左手,错误
A06,3010,左手,左手,正确
A06,3011,左手,左手,正确
A06,3012,右手,右手,正确
A06,3013,舌头,舌头,正确
A06,3014,双脚,双脚,正确
A06,3015,左手,舌头,错误
A06,3016,右手,右手,正确
A06,3017,右手,舌头,错误
A06,3018,舌头,双脚,错误
A06,3019,右手,左手,错误
A06,3020,舌头,舌头,正确
A06,3021,右手,左手,错误
A06,3022,左手,右手,错误
A06,3023,双脚,左手,错误
A06,3024,双脚,右手,错误
A06,3025,左手,右手,错误
A06,3026,双脚,双脚,正确
A06,3027,右手,舌头,错误
A06,3028,右手,右手,正确
A06,3029,左手,左手,正确
A06,3030,舌头,双脚,错误
A06,3031,舌头,舌头,正确
A06,3032,双脚,舌头,错误
A06,3033,右手,右手,正确
A06,3034,舌头,舌头,正确
A06,3035,舌头,舌头,正确
A06,3036,右手,右手,正确
A06,3037,双脚,双脚,正确
A06,3038,左手,左手,正确
A06,3039,右手,舌头,错误
A06,3040,左手,左手,正确
A06,3041,双脚,双脚,正确
A06,3042,右手,双脚,错误
A06,3043,左手,右手,错误
A06,3044,舌头,舌头,正确
A06,3045,右手,右手,正确
A06,3046,右手,舌头,错误
A06,3047,左手,左手,正确
A06,3048,双脚,双脚,正确
A06,3049,右手,左手,错误
A06,3050,舌头,舌头,正确
A06,3051,双脚,双脚,正确
A06,3052,舌头,双脚,错误
A06,3053,右手,右手,正确
A06,3054,双脚,舌头,错误
A06,3055,左手,左手,正确
A06,3056,左手,双脚,错误
A06,3057,双脚,右手,错误
A06,3058,双脚,舌头,错误
A06,3059,双脚,双脚,正确
A06,3060,左手,左手,正确
A06,3061,左手,左手,正确
A06,3062,左手,左手,正确
A06,3063,右手,左手,错误
A06,3064,右手,右手,正确
A06,3065,舌头,舌头,正确
A06,3066,舌头,舌头,正确
A06,3067,双脚,舌头,错误
A06,3068,右手,左手,错误
A06,3069,右手,右手,正确
A06,3070,双脚,双脚,正确
A06,3071,双脚,左手,错误
A06,3072,舌头,右手,错误
A06,3073,舌头,右手,错误
A06,3074,舌头,舌头,正确
A06,3075,双脚,舌头,错误
A06,3076,右手,右手,正确
A06,3077,舌头,舌头,正确
A06,3078,双脚,双脚,正确
A06,3079,双脚,双脚,正确
A06,3080,左手,双脚,错误
A06,3081,双脚,双脚,正确
A06,3082,舌头,舌头,正确
A06,3083,左手,左手,正确
A06,3084,右手,左手,错误
A06,3085,舌头,舌头,正确
A06,3086,左手,右手,错误
A06,3087,双脚,双脚,正确
A06,3088,舌头,舌头,正确
A06,3089,双脚,双脚,正确
A06,3090,左手,左手,正确
A06,3091,左手,右手,错误
A06,3092,舌头,舌头,正确
A06,3093,舌头,右手,错误
A06,3094,右手,右手,正确
A06,3095,左手,右手,错误
A06,3096,左手,左手,正确
A06,3097,右手,舌头,错误
A06,3098,右手,左手,错误
A06,3099,双脚,双脚,正确
A06,3100,双脚,双脚,正确
A06,3101,双脚,双脚,正确
A06,3102,左手,左手,正确
A06,3103,右手,右手,正确
A06,3104,舌头,右手,错误
A06,3105,舌头,舌头,正确
A06,3106,双脚,双脚,正确
A06,3107,左手,右手,错误
A06,3108,舌头,舌头,正确
A06,3109,左手,左手,正确
A06,3110,左手,左手,正确
A06,3111,舌头,左手,错误
A06,3112,左手,左手,正确
A06,3113,右手,左手,错误
A06,3114,舌头,双脚,错误
A06,3115,左手,左手,正确
A06,3116,双脚,右手,错误
A06,3117,左手,双脚,错误
A06,3118,舌头,舌头,正确
A06,3119,左手,左手,正确
A06,3120,右手,右手,正确
A06,3121,双脚,双脚,正确
A06,3122,左手,左手,正确
A06,3123,舌头,舌头,正确
A06,3124,双脚,双脚,正确
A06,3125,右手,舌头,错误
A06,3126,右手,双脚,错误
A06,3127,舌头,舌头,正确
A06,3128,右手,右手,正确
A06,3129,舌头,舌头,正确
A06,3130,舌头,左手,错误
A06,3131,双脚,双脚,正确
A06,3132,双脚,双脚,正确
A06,3133,左手,左手,正确
A06,3134,舌头,舌头,正确
A06,3135,舌头,左手,错误
A06,3136,左手,左手,正确
A06,3137,左手,左手,正确
A06,3138,右手,右手,正确
A06,3139,舌头,舌头,正确
A06,3140,舌头,舌头,正确
A06,3141,左手,右手,错误
A06,3142,双脚,舌头,错误
A06,3143,右手,左手,错误
A06,3144,右手,左手,错误
A06,3145,右手,右手,正确
A06,3146,舌头,舌头,正确
A06,3147,双脚,左手,错误
A06,3148,双脚,双脚,正确
A06,3149,左手,左手,正确
A06,3150,双脚,舌头,错误
A06,3151,舌头,舌头,正确
A06,3152,双脚,双脚,正确
A06,3153,左手,右手,错误
A06,3154,左手,左手,正确
A06,3155,右手,右手,正确
A06,3156,舌头,舌头,正确
A06,3157,左手,右手,错误
A06,3158,舌头,舌头,正确
A06,3159,右手,右手,正确
A06,3160,舌头,舌头,正确
A06,3161,双脚,左手,错误
A06,3162,右手,右手,正确
A06,3163,左手,左手,正确
A06,3164,双脚,左手,错误
A06,3165,舌头,舌头,正确
A06,3166,双脚,左手,错误
A06,3167,右手,右手,正确
A06,3168,舌头,舌头,正确
A06,3169,双脚,双脚,正确
A06,3170,双脚,舌头,错误
A06,3171,左手,左手,正确
A06,3172,右手,左手,错误
A06,3173,左手,左手,正确
A06,3174,双脚,左手,错误
A06,3175,右手,右手,正确
A06,3176,左手,左手,正确
A06,3177,双脚,双脚,正确
A06,3178,右手,舌头,错误
A06,3179,左手,左手,正确
A06,3180,舌头,舌头,正确
A06,3181,舌头,左手,错误
A06,3182,右手,舌头,错误
A06,3183,右手,右手,正确
A06,3184,左手,右手,错误
A06,3185,双脚,双脚,正确
A06,3186,左手,左手,正确
A06,3187,舌头,右手,错误
A06,3188,右手,右手,正确
A06,3189,左手,左手,正确
A06,3190,左手,左手,正确
A06,3191,右手,舌头,错误
A06,3192,左手,左手,正确
A06,3193,双脚,双脚,正确
A06,3194,舌头,舌头,正确
A06,3195,双脚,舌头,错误
A06,3196,右手,舌头,错误
A06,3197,右手,双脚,错误
A06,3198,右手,右手,正确
A06,3199,舌头,左手,错误
A06,3200,右手,舌头,错误
A06,3201,右手,右手,正确
A06,3202,双脚,双脚,正确
A06,3203,左手,左手,正确
A06,3204,双脚,双脚,正确
A06,3205,双脚,舌头,错误
A06,3206,双脚,双脚,正确
A06,3207,舌头,右手,错误
A06,3208,双脚,双脚,正确
A06,3209,舌头,右手,错误
A06,3210,右手,右手,正确
A06,3211,左手,右手,错误
A06,3212,舌头,舌头,正确
A06,3213,舌头,左手,错误
A06,3214,左手,右手,错误
A06,3215,双脚,双脚,正确
A06,3216,左手,左手,正确
A06,3217,右手,右手,正确
A06,3218,左手,双脚,错误
A06,3219,双脚,双脚,正确
A06,3220,舌头,舌头,正确
A06,3221,舌头,双脚,错误
A06,3222,舌头,左手,错误
A06,3223,右手,左手,错误
A06,3224,双脚,双脚,正确
A06,3225,左手,双脚,错误
A06,3226,右手,左手,错误
A06,3227,双脚,双脚,正确
A06,3228,右手,舌头,错误
A06,3229,右手,舌头,错误
A06,3230,舌头,舌头,正确
A06,3231,舌头,舌头,正确
A06,3232,右手,右手,正确
A06,3233,舌头,舌头,正确
A06,3234,舌头,舌头,正确
A06,3235,舌头,舌头,正确
A06,3236,舌头,舌头,正确
A06,3237,双脚,双脚,正确
A06,3238,左手,左手,正确
A06,3239,双脚,双脚,正确
A06,3240,双脚,双脚,正确
A06,3241,双脚,双脚,正确
A06,3242,双脚,双脚,正确
A06,3243,右手,双脚,错误
A06,3244,左手,左手,正确
A06,3245,右手,右手,正确
A06,3246,舌头,右手,错误
A06,3247,左手,双脚,错误
A06,3248,右手,右手,正确
A06,3249,左手,左手,正确
A06,3250,右手,双脚,错误
A06,3251,双脚,双脚,正确
A06,3252,舌头,双脚,错误
A06,3253,左手,左手,正确
A06,3254,右手,舌头,错误
A06,3255,舌头,双脚,错误
A06,3256,左手,左手,正确
A06,3257,舌头,舌头,正确
A06,3258,双脚,双脚,正确
A06,3259,左手,右手,错误
A06,3260,右手,右手,正确
A06,3261,左手,左手,正确
A06,3262,双脚,双脚,正确
A06,3263,双脚,左手,错误
A06,3264,双脚,右手,错误
A06,3265,左手,左手,正确
A06,3266,左手,左手,正确
A06,3267,右手,双脚,错误
A06,3268,左手,左手,正确
A06,3269,左手,左手,正确
A06,3270,舌头,舌头,正确
A06,3271,舌头,右手,错误
A06,3272,双脚,右手,错误
A06,3273,双脚,双脚,正确
A06,3274,左手,舌头,错误
A06,3275,右手,右手,正确
A06,3276,右手,右手,正确
A06,3277,左手,左手,正确
A06,3278,右手,双脚,错误
A06,3279,右手,右手,正确
A06,3280,右手,双脚,错误
A06,3281,左手,左手,正确
A06,3282,左手,左手,正确
A06,3283,双脚,右手,错误
A06,3284,双脚,双脚,正确
A06,3285,左手,左手,正确
A06,3286,左手,舌头,错误
A06,3287,右手,右手,正确
A06,3288,双脚,双脚,正确
A06,3289,双脚,舌头,错误
A06,3290,舌头,舌头,正确
A06,3291,舌头,舌头,正确
A06,3292,右手,双脚,错误
A06,3293,左手,左手,正确
A06,3294,舌头,右手,错误
A06,3295,舌头,右手,错误
A06,3296,双脚,双脚,正确
A06,3297,舌头,舌头,正确
A06,3298,右手,右手,正确
A06,3299,双脚,双脚,正确
A06,3300,左手,双脚,错误
A06,3301,双脚,双脚,正确
A06,3302,舌头,双脚,错误
A06,3303,右手,左手,错误
A06,3304,双脚,双脚,正确
A06,3305,右手,右手,正确
A06,3306,左手,双脚,错误
A06,3307,双脚,右手,错误
A06,3308,舌头,左手,错误
A06,3309,双脚,双脚,正确
A06,3310,左手,左手,正确
A06,3311,右手,双脚,错误
A06,3312,舌头,舌头,正确
A06,3313,双脚,舌头,错误
A06,3314,舌头,舌头,正确
A06,3315,双脚,左手,错误
A06,3316,舌头,舌头,正确
A06,3317,右手,右手,正确
A06,3318,左手,左手,正确
A06,3319,舌头,舌头,正确
A06,3320,右手,左手,错误
A06,3321,舌头,舌头,正确
A06,3322,双脚,右手,错误
A06,3323,左手,舌头,错误
A06,3324,双脚,双脚,正确
A06,3325,右手,右手,正确
A06,3326,双脚,双脚,正确
A06,3327,右手,左手,错误
A06,3328,双脚,舌头,错误
A06,3329,左手,右手,错误
A06,3330,舌头,右手,错误
A06,3331,右手,左手,错误
A06,3332,右手,右手,正确
A06,3333,舌头,左手,错误
A06,3334,双脚,双脚,正确
A06,3335,左手,右手,错误
A06,3336,右手,右手,正确
A06,3337,右手,双脚,错误
A06,3338,左手,舌头,错误
A06,3339,舌头,舌头,正确
A06,3340,左手,左手,正确
A06,3341,舌头,舌头,正确
A06,3342,左手,右手,错误
A06,3343,舌头,双脚,错误
A06,3344,右手,舌头,错误
A06,3345,右手,右手,正确
A06,3346,双脚,舌头,错误
A06,3347,双脚,双脚,正确
A06,3348,左手,舌头,错误
A06,3349,舌头,双脚,错误
A06,3350,右手,右手,正确
A06,3351,双脚,左手,错误
A06,3352,左手,双脚,错误
A06,3353,右手,右手,正确
A06,3354,舌头,双脚,错误
A06,3355,舌头,双脚,错误
A06,3356,舌头,双脚,错误
A06,3357,双脚,双脚,正确
A06,3358,舌头,右手,错误
A06,3359,舌头,舌头,正确
A06,3360,双脚,双脚,正确
A06,3361,左手,左手,正确
A06,3362,左手,双脚,错误
A06,3363,左手,双脚,错误
A06,3364,右手,舌头,错误
A06,3365,舌头,舌头,正确
A06,3366,左手,双脚,错误
A06,3367,双脚,右手,错误
A06,3368,双脚,双脚,正确
A06,3369,双脚,右手,错误
A06,3370,右手,双脚,错误
A06,3371,舌头,舌头,正确
A06,3372,右手,右手,正确
A06,3373,双脚,双脚,正确
A06,3374,右手,双脚,错误
A06,3375,双脚,双脚,正确
A06,3376,左手,左手,正确
A06,3377,双脚,舌头,错误
A06,3378,右手,右手,正确
A06,3379,舌头,舌头,正确
A06,3380,右手,双脚,错误
A06,3381,双脚,双脚,正确
A06,3382,舌头,舌头,正确
A06,3383,左手,左手,正确
A06,3384,舌头,左手,错误
A06,3385,右手,右手,正确
A06,3386,左手,左手,正确
A06,3387,右手,右手,正确
A06,3388,双脚,双脚,正确
A06,3389,左手,左手,正确
A06,3390,舌头,双脚,错误
A06,3391,双脚,双脚,正确
A06,3392,双脚,双脚,正确
A06,3393,双脚,双脚,正确
A06,3394,双脚,双脚,正确
A06,3395,右手,左手,错误
A06,3396,右手,右手,正确
A06,3397,双脚,双脚,正确
A06,3398,右手,右手,正确
A06,3399,舌头,舌头,正确
A06,3400,左手,右手,错误
A06,3401,左手,左手,正确
A06,3402,舌头,右手,错误
A06,3403,舌头,舌头,正确
A06,3404,舌头,舌头,正确
A06,3405,左手,左手,正确
A06,3406,左手,左手,正确
A06,3407,右手,右手,正确
A06,3408,舌头,左手,错误
A06,3409,舌头,右手,错误
A06,3410,舌头,舌头,正确
A06,3411,左手,左手,正确
A06,3412,右手,左手,错误
A06,3413,左手,舌头,错误
A06,3414,左手,左手,正确
A06,3415,右手,左手,错误
A06,3416,左手,左手,正确
A06,3417,左手,右手,错误
A06,3418,双脚,双脚,正确
A06,3419,右手,右手,正确
A06,3420,右手,左手,错误
A06,3421,舌头,舌头,正确
A06,3422,舌头,舌头,正确
A06,3423,左手,双脚,错误
A06,3424,舌头,舌头,正确
A06,3425,舌头,左手,错误
A06,3426,右手,双脚,错误
A06,3427,双脚,舌头,错误
A06,3428,左手,左手,正确
A06,3429,右手,左手,错误
A06,3430,左手,左手,正确
A06,3431,双脚,双脚,正确
A06,3432,舌头,舌头,正确
A06,3433,左手,左手,正确
A06,3434,左手,左手,正确
A06,3435,双脚,左手,错误
A06,3436,右手,右手,正确
A06,3437,双脚,舌头,错误
A06,3438,左手,右手,错误
A06,3439,舌头,舌头,正确
A06,3440,舌头,左手,错误
A06,3441,右手,左手,错误
A06,3442,舌头,舌头,正确
A06,3443,右手,左手,错误
A06,3444,左手,左手,正确
A06,3445,左手,舌头,错误
A06,3446,双脚,左手,错误
A06,3447,双脚,双脚,正确
A06,3448,舌头,左手,错误
A06,3449,右手,舌头,错误
A06,3450,双脚,双脚,正确
A06,3451,左手,右手,错误
A06,3452,右手,右手,正确
A06,3453,右手,舌头,错误
A06,3454,双脚,双脚,正确
A06,3455,双脚,双脚,正确
A07,3456,右手,右手,正确
A07,3457,舌头,舌头,正确
A07,3458,左手,左手,正确
A07,3459,双脚,双脚,正确
A07,3460,左手,右手,错误
A07,3461,双脚,双脚,正确
A07,3462,左手,左手,正确
A07,3463,双脚,双脚,正确
A07,3464,双脚,双脚,正确
A07,3465,舌头,舌头,正确
A07,3466,双脚,双脚,正确
A07,3467,左手,左手,正确
A07,3468,右手,左手,错误
A07,3469,双脚,双脚,正确
A07,3470,左手,左手,正确
A07,3471,左手,左手,正确
A07,3472,双脚,双脚,正确
A07,3473,右手,右手,正确
A07,3474,左手,左手,正确
A07,3475,舌头,舌头,正确
A07,3476,舌头,舌头,正确
A07,3477,左手,左手,正确
A07,3478,右手,左手,错误
A07,3479,双脚,双脚,正确
A07,3480,左手,左手,正确
A07,3481,左手,右手,错误
A07,3482,右手,右手,正确
A07,3483,舌头,舌头,正确
A07,3484,双脚,双脚,正确
A07,3485,右手,右手,正确
A07,3486,左手,左手,正确
A07,3487,舌头,舌头,正确
A07,3488,双脚,双脚,正确
A07,3489,右手,左手,错误
A07,3490,左手,左手,正确
A07,3491,舌头,舌头,正确
A07,3492,右手,左手,错误
A07,3493,左手,右手,错误
A07,3494,双脚,双脚,正确
A07,3495,舌头,舌头,正确
A07,3496,双脚,双脚,正确
A07,3497,双脚,双脚,正确
A07,3498,左手,左手,正确
A07,3499,舌头,舌头,正确
A07,3500,双脚,双脚,正确
A07,3501,双脚,双脚,正确
A07,3502,舌头,双脚,错误
A07,3503,右手,右手,正确
A07,3504,舌头,双脚,错误
A07,3505,舌头,双脚,错误
A07,3506,左手,左手,正确
A07,3507,右手,右手,正确
A07,3508,左手,右手,错误
A07,3509,右手,右手,正确
A07,3510,舌头,舌头,正确
A07,3511,左手,左手,正确
A07,3512,右手,右手,正确
A07,3513,舌头,舌头,正确
A07,3514,舌头,舌头,正确
A07,3515,右手,左手,错误
A07,3516,舌头,双脚,错误
A07,3517,右手,右手,正确
A07,3518,右手,右手,正确
A07,3519,左手,左手,正确
A07,3520,舌头,舌头,正确
A07,3521,舌头,舌头,正确
A07,3522,双脚,双脚,正确
A07,3523,双脚,双脚,正确
A07,3524,左手,左手,正确
A07,3525,舌头,舌头,正确
A07,3526,双脚,双脚,正确
A07,3527,舌头,舌头,正确
A07,3528,双脚,双脚,正确
A07,3529,双脚,双脚,正确
A07,3530,左手,舌头,错误
A07,3531,右手,右手,正确
A07,3532,左手,右手,错误
A07,3533,舌头,舌头,正确
A07,3534,双脚,双脚,正确
A07,3535,双脚,双脚,正确
A07,3536,右手,右手,正确
A07,3537,左手,左手,正确
A07,3538,右手,右手,正确
A07,3539,右手,右手,正确
A07,3540,舌头,双脚,错误
A07,3541,右手,右手,正确
A07,3542,双脚,双脚,正确
A07,3543,舌头,舌头,正确
A07,3544,左手,左手,正确
A07,3545,舌头,舌头,正确
A07,3546,右手,右手,正确
A07,3547,右手,右手,正确
A07,3548,双脚,双脚,正确
A07,3549,右手,右手,正确
A07,3550,左手,左手,正确
A07,3551,舌头,舌头,正确
A07,3552,左手,左手,正确
A07,3553,左手,左手,正确
A07,3554,左手,左手,正确
A07,3555,舌头,舌头,正确
A07,3556,右手,右手,正确
A07,3557,舌头,舌头,正确
A07,3558,右手,右手,正确
A07,3559,舌头,双脚,错误
A07,3560,舌头,舌头,正确
A07,3561,双脚,双脚,正确
A07,3562,右手,右手,正确
A07,3563,右手,右手,正确
A07,3564,右手,右手,正确
A07,3565,右手,右手,正确
A07,3566,左手,左手,正确
A07,3567,双脚,双脚,正确
A07,3568,双脚,舌头,错误
A07,3569,双脚,双脚,正确
A07,3570,双脚,双脚,正确
A07,3571,左手,双脚,错误
A07,3572,左手,左手,正确
A07,3573,左手,左手,正确
A07,3574,双脚,双脚,正确
A07,3575,舌头,舌头,正确
A07,3576,双脚,双脚,正确
A07,3577,舌头,舌头,正确
A07,3578,舌头,舌头,正确
A07,3579,右手,左手,错误
A07,3580,左手,左手,正确
A07,3581,右手,左手,错误
A07,3582,双脚,双脚,正确
A07,3583,舌头,舌头,正确
A07,3584,右手,左手,错误
A07,3585,右手,右手,正确
A07,3586,左手,左手,正确
A07,3587,右手,右手,正确
A07,3588,右手,右手,正确
A07,3589,左手,左手,正确
A07,3590,左手,左手,正确
A07,3591,双脚,双脚,正确
A07,3592,舌头,舌头,正确
A07,3593,舌头,舌头,正确
A07,3594,右手,右手,正确
A07,3595,右手,右手,正确
A07,3596,双脚,双脚,正确
A07,3597,左手,左手,正确
A07,3598,双脚,双脚,正确
A07,3599,舌头,舌头,正确
A07,3600,左手,左手,正确
A07,3601,双脚,双脚,正确
A07,3602,右手,左手,错误
A07,3603,右手,左手,错误
A07,3604,右手,右手,正确
A07,3605,左手,左手,正确
A07,3606,双脚,双脚,正确
A07,3607,舌头,舌头,正确
A07,3608,右手,左手,错误
A07,3609,舌头,舌头,正确
A07,3610,舌头,舌头,正确
A07,3611,右手,左手,错误
A07,3612,舌头,舌头,正确
A07,3613,双脚,双脚,正确
A07,3614,右手,右手,正确
A07,3615,左手,左手,正确
A07,3616,双脚,双脚,正确
A07,3617,左手,左手,正确
A07,3618,右手,右手,正确
A07,3619,左手,左手,正确
A07,3620,舌头,舌头,正确
A07,3621,右手,左手,错误
A07,3622,右手,右手,正确
A07,3623,左手,左手,正确
A07,3624,双脚,双脚,正确
A07,3625,右手,左手,错误
A07,3626,舌头,舌头,正确
A07,3627,舌头,舌头,正确
A07,3628,右手,右手,正确
A07,3629,双脚,双脚,正确
A07,3630,左手,左手,正确
A07,3631,左手,左手,正确
A07,3632,双脚,双脚,正确
A07,3633,双脚,双脚,正确
A07,3634,双脚,双脚,正确
A07,3635,双脚,双脚,正确
A07,3636,左手,右手,错误
A07,3637,左手,左手,正确
A07,3638,左手,左手,正确
A07,3639,右手,右手,正确
A07,3640,右手,右手,正确
A07,3641,舌头,双脚,错误
A07,3642,舌头,双脚,错误
A07,3643,双脚,双脚,正确
A07,3644,右手,右手,正确
A07,3645,右手,右手,正确
A07,3646,双脚,双脚,正确
A07,3647,双脚,双脚,正确
A07,3648,舌头,舌头,正确
A07,3649,舌头,舌头,正确
A07,3650,舌头,舌头,正确
A07,3651,双脚,舌头,错误
A07,3652,右手,右手,正确
A07,3653,舌头,舌头,正确
A07,3654,双脚,双脚,正确
A07,3655,双脚,双脚,正确
A07,3656,左手,左手,正确
A07,3657,双脚,双脚,正确
A07,3658,舌头,舌头,正确
A07,3659,左手,左手,正确
A07,3660,右手,右手,正确
A07,3661,舌头,舌头,正确
A07,3662,左手,左手,正确
A07,3663,双脚,双脚,正确
A07,3664,舌头,舌头,正确
A07,3665,双脚,双脚,正确
A07,3666,左手,左手,正确
A07,3667,左手,左手,正确
A07,3668,舌头,舌头,正确
A07,3669,舌头,舌头,正确
A07,3670,右手,右手,正确
A07,3671,左手,左手,正确
A07,3672,左手,左手,正确
A07,3673,右手,右手,正确
A07,3674,右手,右手,正确
A07,3675,双脚,双脚,正确
A07,3676,双脚,双脚,正确
A07,3677,双脚,双脚,正确
A07,3678,左手,左手,正确
A07,3679,右手,右手,正确
A07,3680,舌头,舌头,正确
A07,3681,舌头,舌头,正确
A07,3682,双脚,双脚,正确
A07,3683,左手,左手,正确
A07,3684,舌头,舌头,正确
A07,3685,左手,右手,错误
A07,3686,左手,左手,正确
A07,3687,舌头,舌头,正确
A07,3688,左手,左手,正确
A07,3689,右手,右手,正确
A07,3690,左手,左手,正确
A07,3691,左手,左手,正确
A07,3692,舌头,舌头,正确
A07,3693,舌头,舌头,正确
A07,3694,双脚,双脚,正确
A07,3695,左手,左手,正确
A07,3696,右手,右手,正确
A07,3697,双脚,双脚,正确
A07,3698,左手,左手,正确
A07,3699,舌头,舌头,正确
A07,3700,右手,右手,正确
A07,3701,右手,右手,正确
A07,3702,双脚,双脚,正确
A07,3703,双脚,舌头,错误
A07,3704,双脚,舌头,错误
A07,3705,舌头,舌头,正确
A07,3706,舌头,舌头,正确
A07,3707,右手,左手,错误
A07,3708,舌头,舌头,正确
A07,3709,左手,左手,正确
A07,3710,舌头,舌头,正确
A07,3711,舌头,双脚,错误
A07,3712,左手,双脚,错误
A07,3713,右手,左手,错误
A07,3714,左手,左手,正确
A07,3715,舌头,双脚,错误
A07,3716,舌头,舌头,正确
A07,3717,左手,左手,正确
A07,3718,右手,右手,正确
A07,3719,双脚,双脚,正确
A07,3720,右手,左手,错误
A07,3721,舌头,双脚,错误
A07,3722,右手,右手,正确
A07,3723,双脚,双脚,正确
A07,3724,双脚,双脚,正确
A07,3725,舌头,舌头,正确
A07,3726,左手,左手,正确
A07,3727,双脚,双脚,正确
A07,3728,左手,左手,正确
A07,3729,右手,左手,错误
A07,3730,右手,右手,正确
A07,3731,舌头,舌头,正确
A07,3732,舌头,左手,错误
A07,3733,左手,左手,正确
A07,3734,右手,右手,正确
A07,3735,舌头,舌头,正确
A07,3736,左手,左手,正确
A07,3737,双脚,双脚,正确
A07,3738,双脚,舌头,错误
A07,3739,左手,左手,正确
A07,3740,双脚,双脚,正确
A07,3741,舌头,舌头,正确
A07,3742,双脚,双脚,正确
A07,3743,右手,右手,正确
A07,3744,舌头,双脚,错误
A07,3745,双脚,双脚,正确
A07,3746,双脚,舌头,错误
A07,3747,左手,左手,正确
A07,3748,右手,右手,正确
A07,3749,左手,左手,正确
A07,3750,双脚,双脚,正确
A07,3751,右手,右手,正确
A07,3752,左手,左手,正确
A07,3753,双脚,双脚,正确
A07,3754,右手,右手,正确
A07,3755,左手,右手,错误
A07,3756,舌头,舌头,正确
A07,3757,舌头,舌头,正确
A07,3758,右手,右手,正确
A07,3759,右手,右手,正确
A07,3760,左手,左手,正确
A07,3761,双脚,双脚,正确
A07,3762,左手,左手,正确
A07,3763,舌头,舌头,正确
A07,3764,右手,右手,正确
A07,3765,左手,左手,正确
A07,3766,左手,左手,正确
A07,3767,右手,右手,正确
A07,3768,左手,右手,错误
A07,3769,双脚,双脚,正确
A07,3770,舌头,舌头,正确
A07,3771,双脚,舌头,错误
A07,3772,右手,右手,正确
A07,3773,右手,右手,正确
A07,3774,右手,右手,正确
A07,3775,舌头,双脚,错误
A07,3776,右手,右手,正确
A07,3777,右手,右手,正确
A07,3778,双脚,双脚,正确
A07,3779,左手,左手,正确
A07,3780,双脚,双脚,正确
A07,3781,双脚,双脚,正确
A07,3782,双脚,双脚,正确
A07,3783,舌头,双脚,错误
A07,3784,双脚,双脚,正确
A07,3785,舌头,舌头,正确
A07,3786,右手,右手,正确
A07,3787,左手,左手,正确
A07,3788,舌头,舌头,正确
A07,3789,舌头,舌头,正确
A07,3790,左手,右手,错误
A07,3791,双脚,双脚,正确
A07,3792,左手,左手,正确
A07,3793,右手,右手,正确
A07,3794,左手,左手,正确
A07,3795,双脚,舌头,错误
A07,3796,舌头,舌头,正确
A07,3797,舌头,舌头,正确
A07,3798,舌头,舌头,正确
A07,3799,右手,右手,正确
A07,3800,双脚,双脚,正确
A07,3801,左手,左手,正确
A07,3802,右手,右手,正确
A07,3803,双脚,双脚,正确
A07,3804,右手,左手,错误
A07,3805,右手,右手,正确
A07,3806,舌头,舌头,正确
A07,3807,右手,右手,正确
A07,3808,舌头,舌头,正确
A07,3809,舌头,舌头,正确
A07,3810,双脚,双脚,正确
A07,3811,舌头,舌头,正确
A07,3812,左手,左手,正确
A07,3813,舌头,舌头,正确
A07,3814,舌头,舌头,正确
A07,3815,左手,左手,正确
A07,3816,右手,右手,正确
A07,3817,双脚,双脚,正确
A07,3818,双脚,双脚,正确
A07,3819,双脚,双脚,正确
A07,3820,右手,右手,正确
A07,3821,双脚,双脚,正确
A07,3822,左手,左手,正确
A07,3823,左手,左手,正确
A07,3824,舌头,舌头,正确
A07,3825,右手,右手,正确
A07,3826,右手,右手,正确
A07,3827,双脚,双脚,正确
A07,3828,舌头,舌头,正确
A07,3829,左手,左手,正确
A07,3830,舌头,舌头,正确
A07,3831,右手,右手,正确
A07,3832,左手,右手,错误
A07,3833,双脚,双脚,正确
A07,3834,舌头,舌头,正确
A07,3835,左手,左手,正确
A07,3836,右手,左手,错误
A07,3837,双脚,双脚,正确
A07,3838,左手,左手,正确
A07,3839,双脚,双脚,正确
A07,3840,双脚,双脚,正确
A07,3841,左手,左手,正确
A07,3842,右手,右手,正确
A07,3843,左手,左手,正确
A07,3844,舌头,舌头,正确
A07,3845,左手,左手,正确
A07,3846,双脚,双脚,正确
A07,3847,左手,左手,正确
A07,3848,舌头,舌头,正确
A07,3849,双脚,双脚,正确
A07,3850,左手,左手,正确
A07,3851,右手,左手,错误
A07,3852,右手,左手,错误
A07,3853,左手,左手,正确
A07,3854,右手,左手,错误
A07,3855,右手,右手,正确
A07,3856,右手,右手,正确
A07,3857,左手,右手,错误
A07,3858,左手,左手,正确
A07,3859,双脚,双脚,正确
A07,3860,双脚,双脚,正确
A07,3861,左手,左手,正确
A07,3862,左手,左手,正确
A07,3863,右手,右手,正确
A07,3864,双脚,双脚,正确
A07,3865,双脚,双脚,正确
A07,3866,舌头,舌头,正确
A07,3867,舌头,舌头,正确
A07,3868,右手,右手,正确
A07,3869,左手,左手,正确
A07,3870,舌头,舌头,正确
A07,3871,舌头,舌头,正确
A07,3872,双脚,双脚,正确
A07,3873,舌头,舌头,正确
A07,3874,右手,右手,正确
A07,3875,双脚,双脚,正确
A07,3876,左手,舌头,错误
A07,3877,双脚,舌头,错误
A07,3878,舌头,舌头,正确
A07,3879,右手,右手,正确
A07,3880,双脚,双脚,正确
A07,3881,右手,右手,正确
A07,3882,左手,左手,正确
A07,3883,双脚,双脚,正确
A07,3884,舌头,舌头,正确
A07,3885,双脚,双脚,正确
A07,3886,左手,左手,正确
A07,3887,右手,左手,错误
A07,3888,舌头,舌头,正确
A07,3889,双脚,双脚,正确
A07,3890,舌头,舌头,正确
A07,3891,双脚,双脚,正确
A07,3892,舌头,舌头,正确
A07,3893,右手,右手,正确
A07,3894,左手,左手,正确
A07,3895,舌头,舌头,正确
A07,3896,右手,右手,正确
A07,3897,舌头,舌头,正确
A07,3898,双脚,双脚,正确
A07,3899,左手,左手,正确
A07,3900,双脚,双脚,正确
A07,3901,右手,右手,正确
A07,3902,双脚,双脚,正确
A07,3903,右手,左手,错误
A07,3904,双脚,双脚,正确
A07,3905,左手,左手,正确
A07,3906,舌头,舌头,正确
A07,3907,右手,右手,正确
A07,3908,右手,右手,正确
A07,3909,舌头,舌头,正确
A07,3910,双脚,双脚,正确
A07,3911,左手,左手,正确
A07,3912,右手,右手,正确
A07,3913,右手,右手,正确
A07,3914,左手,左手,正确
A07,3915,舌头,舌头,正确
A07,3916,左手,左手,正确
A07,3917,舌头,舌头,正确
A07,3918,左手,左手,正确
A07,3919,舌头,舌头,正确
A07,3920,右手,右手,正确
A07,3921,右手,右手,正确
A07,3922,左手,左手,正确
A07,3923,双脚,双脚,正确
A07,3924,双脚,双脚,正确
A07,3925,左手,左手,正确
A07,3926,右手,右手,正确
A07,3927,右手,左手,错误
A07,3928,双脚,双脚,正确
A07,3929,舌头,舌头,正确
A07,3930,舌头,舌头,正确
A07,3931,舌头,舌头,正确
A07,3932,舌头,舌头,正确
A07,3933,双脚,双脚,正确
A07,3934,舌头,舌头,正确
A07,3935,双脚,双脚,正确
A07,3936,左手,左手,正确
A07,3937,舌头,舌头,正确
A07,3938,左手,左手,正确
A07,3939,左手,左手,正确
A07,3940,左手,左手,正确
A07,3941,双脚,双脚,正确
A07,3942,双脚,双脚,正确
A07,3943,舌头,舌头,正确
A07,3944,右手,右手,正确
A07,3945,双脚,双脚,正确
A07,3946,右手,右手,正确
A07,3947,舌头,舌头,正确
A07,3948,双脚,双脚,正确
A07,3949,右手,右手,正确
A07,3950,双脚,双脚,正确
A07,3951,双脚,双脚,正确
A07,3952,右手,右手,正确
A07,3953,右手,右手,正确
A07,3954,左手,左手,正确
A07,3955,舌头,舌头,正确
A07,3956,双脚,双脚,正确
A07,3957,右手,右手,正确
A07,3958,右手,左手,错误
A07,3959,左手,左手,正确
A07,3960,左手,左手,正确
A07,3961,舌头,舌头,正确
A07,3962,舌头,舌头,正确
A07,3963,右手,左手,错误
A07,3964,双脚,双脚,正确
A07,3965,左手,左手,正确
A07,3966,舌头,舌头,正确
A07,3967,双脚,双脚,正确
A07,3968,双脚,双脚,正确
A07,3969,双脚,双脚,正确
A07,3970,右手,右手,正确
A07,3971,右手,左手,错误
A07,3972,右手,左手,错误
A07,3973,双脚,双脚,正确
A07,3974,舌头,舌头,正确
A07,3975,左手,左手,正确
A07,3976,左手,左手,正确
A07,3977,舌头,舌头,正确
A07,3978,双脚,双脚,正确
A07,3979,舌头,舌头,正确
A07,3980,舌头,舌头,正确
A07,3981,左手,左手,正确
A07,3982,左手,左手,正确
A07,3983,右手,右手,正确
A07,3984,舌头,舌头,正确
A07,3985,舌头,舌头,正确
A07,3986,舌头,双脚,错误
A07,3987,左手,左手,正确
A07,3988,右手,右手,正确
A07,3989,左手,左手,正确
A07,3990,左手,左手,正确
A07,3991,右手,右手,正确
A07,3992,左手,右手,错误
A07,3993,左手,左手,正确
A07,3994,双脚,双脚,正确
A07,3995,右手,右手,正确
A07,3996,右手,右手,正确
A07,3997,舌头,舌头,正确
A07,3998,舌头,舌头,正确
A07,3999,左手,左手,正确
A07,4000,舌头,舌头,正确
A07,4001,舌头,舌头,正确
A07,4002,右手,右手,正确
A07,4003,双脚,双脚,正确
A07,4004,左手,左手,正确
A07,4005,右手,右手,正确
A07,4006,左手,右手,错误
A07,4007,双脚,双脚,正确
A07,4008,舌头,舌头,正确
A07,4009,左手,左手,正确
A07,4010,左手,左手,正确
A07,4011,双脚,双脚,正确
A07,4012,右手,右手,正确
A07,4013,双脚,双脚,正确
A07,4014,左手,左手,正确
A07,4015,舌头,舌头,正确
A07,4016,舌头,舌头,正确
A07,4017,右手,右手,正确
A07,4018,舌头,双脚,错误
A07,4019,右手,右手,正确
A07,4020,左手,左手,正确
A07,4021,左手,左手,正确
A07,4022,双脚,双脚,正确
A07,4023,双脚,双脚,正确
A07,4024,舌头,舌头,正确
A07,4025,右手,右手,正确
A07,4026,双脚,双脚,正确
A07,4027,左手,左手,正确
A07,4028,右手,右手,正确
A07,4029,右手,右手,正确
A07,4030,双脚,舌头,错误
A07,4031,双脚,双脚,正确
A08,4032,右手,右手,正确
A08,4033,舌头,舌头,正确
A08,4034,左手,左手,正确
A08,4035,双脚,双脚,正确
A08,4036,左手,左手,正确
A08,4037,双脚,舌头,错误
A08,4038,左手,左手,正确
A08,4039,双脚,双脚,正确
A08,4040,双脚,双脚,正确
A08,4041,舌头,双脚,错误
A08,4042,双脚,双脚,正确
A08,4043,左手,左手,正确
A08,4044,右手,右手,正确
A08,4045,双脚,双脚,正确
A08,4046,左手,左手,正确
A08,4047,左手,左手,正确
A08,4048,双脚,右手,错误
A08,4049,右手,右手,正确
A08,4050,左手,左手,正确
A08,4051,舌头,舌头,正确
A08,4052,舌头,舌头,正确
A08,4053,左手,左手,正确
A08,4054,右手,右手,正确
A08,4055,双脚,双脚,正确
A08,4056,左手,左手,正确
A08,4057,左手,左手,正确
A08,4058,右手,右手,正确
A08,4059,舌头,舌头,正确
A08,4060,双脚,双脚,正确
A08,4061,右手,右手,正确
A08,4062,左手,左手,正确
A08,4063,舌头,舌头,正确
A08,4064,双脚,双脚,正确
A08,4065,右手,右手,正确
A08,4066,左手,左手,正确
A08,4067,舌头,舌头,正确
A08,4068,右手,右手,正确
A08,4069,左手,左手,正确
A08,4070,双脚,双脚,正确
A08,4071,舌头,舌头,正确
A08,4072,双脚,右手,错误
A08,4073,双脚,左手,错误
A08,4074,左手,左手,正确
A08,4075,舌头,舌头,正确
A08,4076,双脚,双脚,正确
A08,4077,双脚,双脚,正确
A08,4078,舌头,舌头,正确
A08,4079,右手,左手,错误
A08,4080,舌头,舌头,正确
A08,4081,舌头,舌头,正确
A08,4082,左手,右手,错误
A08,4083,右手,右手,正确
A08,4084,左手,左手,正确
A08,4085,右手,右手,正确
A08,4086,舌头,舌头,正确
A08,4087,左手,左手,正确
A08,4088,右手,右手,正确
A08,4089,舌头,舌头,正确
A08,4090,舌头,舌头,正确
A08,4091,右手,右手,正确
A08,4092,舌头,舌头,正确
A08,4093,右手,右手,正确
A08,4094,右手,右手,正确
A08,4095,左手,左手,正确
A08,4096,舌头,右手,错误
A08,4097,舌头,舌头,正确
A08,4098,双脚,双脚,正确
A08,4099,双脚,双脚,正确
A08,4100,左手,左手,正确
A08,4101,舌头,右手,错误
A08,4102,双脚,舌头,错误
A08,4103,舌头,舌头,正确
A08,4104,双脚,双脚,正确
A08,4105,双脚,双脚,正确
A08,4106,左手,左手,正确
A08,4107,右手,右手,正确
A08,4108,左手,双脚,错误
A08,4109,舌头,舌头,正确
A08,4110,双脚,双脚,正确
A08,4111,双脚,右手,错误
A08,4112,右手,双脚,错误
A08,4113,左手,左手,正确
A08,4114,右手,右手,正确
A08,4115,右手,右手,正确
A08,4116,舌头,舌头,正确
A08,4117,右手,右手,正确
A08,4118,双脚,双脚,正确
A08,4119,舌头,舌头,正确
A08,4120,左手,右手,错误
A08,4121,舌头,舌头,正确
A08,4122,右手,右手,正确
A08,4123,右手,右手,正确
A08,4124,双脚,左手,错误
A08,4125,右手,右手,正确
A08,4126,左手,左手,正确
A08,4127,舌头,舌头,正确
A08,4128,左手,左手,正确
A08,4129,左手,左手,正确
A08,4130,左手,左手,正确
A08,4131,舌头,舌头,正确
A08,4132,右手,右手,正确
A08,4133,舌头,舌头,正确
A08,4134,右手,舌头,错误
A08,4135,舌头,舌头,正确
A08,4136,舌头,舌头,正确
A08,4137,双脚,舌头,错误
A08,4138,右手,右手,正确
A08,4139,右手,右手,正确
A08,4140,右手,右手,正确
A08,4141,右手,右手,正确
A08,4142,左手,左手,正确
A08,4143,双脚,右手,错误
A08,4144,双脚,双脚,正确
A08,4145,双脚,双脚,正确
A08,4146,双脚,双脚,正确
A08,4147,左手,左手,正确
A08,4148,左手,左手,正确
A08,4149,左手,左手,正确
A08,4150,双脚,左手,错误
A08,4151,舌头,舌头,正确
A08,4152,双脚,双脚,正确
A08,4153,舌头,舌头,正确
A08,4154,舌头,舌头,正确
A08,4155,右手,右手,正确
A08,4156,左手,左手,正确
A08,4157,右手,右手,正确
A08,4158,双脚,双脚,正确
A08,4159,舌头,舌头,正确
A08,4160,右手,右手,正确
A08,4161,右手,右手,正确
A08,4162,左手,左手,正确
A08,4163,右手,右手,正确
A08,4164,右手,右手,正确
A08,4165,左手,左手,正确
A08,4166,左手,右手,错误
A08,4167,双脚,双脚,正确
A08,4168,舌头,舌头,正确
A08,4169,舌头,舌头,正确
A08,4170,右手,右手,正确
A08,4171,右手,双脚,错误
A08,4172,双脚,双脚,正确
A08,4173,左手,左手,正确
A08,4174,双脚,双脚,正确
A08,4175,舌头,舌头,正确
A08,4176,左手,左手,正确
A08,4177,双脚,双脚,正确
A08,4178,右手,右手,正确
A08,4179,右手,右手,正确
A08,4180,右手,右手,正确
A08,4181,左手,左手,正确
A08,4182,双脚,双脚,正确
A08,4183,舌头,右手,错误
A08,4184,右手,右手,正确
A08,4185,舌头,舌头,正确
A08,4186,舌头,舌头,正确
A08,4187,右手,右手,正确
A08,4188,舌头,舌头,正确
A08,4189,双脚,双脚,正确
A08,4190,右手,右手,正确
A08,4191,左手,左手,正确
A08,4192,双脚,左手,错误
A08,4193,左手,左手,正确
A08,4194,右手,右手,正确
A08,4195,左手,左手,正确
A08,4196,舌头,舌头,正确
A08,4197,右手,右手,正确
A08,4198,右手,右手,正确
A08,4199,左手,舌头,错误
A08,4200,双脚,双脚,正确
A08,4201,右手,双脚,错误
A08,4202,舌头,舌头,正确
A08,4203,舌头,右手,错误
A08,4204,右手,左手,错误
A08,4205,双脚,双脚,正确
A08,4206,左手,左手,正确
A08,4207,左手,左手,正确
A08,4208,双脚,左手,错误
A08,4209,双脚,双脚,正确
A08,4210,双脚,双脚,正确
A08,4211,双脚,舌头,错误
A08,4212,左手,左手,正确
A08,4213,左手,左手,正确
A08,4214,左手,左手,正确
A08,4215,右手,右手,正确
A08,4216,右手,右手,正确
A08,4217,舌头,舌头,正确
A08,4218,舌头,舌头,正确
A08,4219,双脚,双脚,正确
A08,4220,右手,右手,正确
A08,4221,右手,右手,正确
A08,4222,双脚,双脚,正确
A08,4223,双脚,双脚,正确
A08,4224,舌头,舌头,正确
A08,4225,舌头,舌头,正确
A08,4226,舌头,舌头,正确
A08,4227,双脚,双脚,正确
A08,4228,右手,右手,正确
A08,4229,舌头,舌头,正确
A08,4230,双脚,双脚,正确
A08,4231,双脚,双脚,正确
A08,4232,左手,右手,错误
A08,4233,双脚,双脚,正确
A08,4234,舌头,舌头,正确
A08,4235,左手,左手,正确
A08,4236,右手,右手,正确
A08,4237,舌头,舌头,正确
A08,4238,左手,左手,正确
A08,4239,双脚,双脚,正确
A08,4240,舌头,舌头,正确
A08,4241,双脚,双脚,正确
A08,4242,左手,双脚,错误
A08,4243,左手,左手,正确
A08,4244,舌头,舌头,正确
A08,4245,舌头,舌头,正确
A08,4246,右手,右手,正确
A08,4247,左手,舌头,错误
A08,4248,左手,左手,正确
A08,4249,右手,右手,正确
A08,4250,右手,右手,正确
A08,4251,双脚,双脚,正确
A08,4252,双脚,双脚,正确
A08,4253,双脚,双脚,正确
A08,4254,左手,左手,正确
A08,4255,右手,右手,正确
A08,4256,舌头,双脚,错误
A08,4257,舌头,双脚,错误
A08,4258,双脚,双脚,正确
A08,4259,左手,左手,正确
A08,4260,舌头,舌头,正确
A08,4261,左手,左手,正确
A08,4262,左手,左手,正确
A08,4263,舌头,舌头,正确
A08,4264,左手,左手,正确
A08,4265,右手,右手,正确
A08,4266,左手,左手,正确
A08,4267,左手,左手,正确
A08,4268,舌头,舌头,正确
A08,4269,舌头,舌头,正确
A08,4270,双脚,双脚,正确
A08,4271,左手,左手,正确
A08,4272,右手,右手,正确
A08,4273,双脚,双脚,正确
A08,4274,左手,左手,正确
A08,4275,舌头,舌头,正确
A08,4276,右手,右手,正确
A08,4277,右手,右手,正确
A08,4278,双脚,舌头,错误
A08,4279,双脚,双脚,正确
A08,4280,双脚,右手,错误
A08,4281,舌头,舌头,正确
A08,4282,舌头,舌头,正确
A08,4283,右手,右手,正确
A08,4284,舌头,舌头,正确
A08,4285,左手,左手,正确
A08,4286,舌头,舌头,正确
A08,4287,舌头,舌头,正确
A08,4288,左手,左手,正确
A08,4289,右手,舌头,错误
A08,4290,左手,左手,正确
A08,4291,舌头,舌头,正确
A08,4292,舌头,舌头,正确
A08,4293,左手,左手,正确
A08,4294,右手,右手,正确
A08,4295,双脚,双脚,正确
A08,4296,右手,右手,正确
A08,4297,舌头,舌头,正确
A08,4298,右手,舌头,错误
A08,4299,双脚,双脚,正确
A08,4300,双脚,双脚,正确
A08,4301,舌头,舌头,正确
A08,4302,左手,左手,正确
A08,4303,双脚,舌头,错误
A08,4304,左手,左手,正确
A08,4305,右手,右手,正确
A08,4306,右手,右手,正确
A08,4307,舌头,舌头,正确
A08,4308,舌头,舌头,正确
A08,4309,左手,左手,正确
A08,4310,右手,右手,正确
A08,4311,舌头,舌头,正确
A08,4312,左手,右手,错误
A08,4313,双脚,双脚,正确
A08,4314,双脚,双脚,正确
A08,4315,左手,舌头,错误
A08,4316,双脚,双脚,正确
A08,4317,舌头,舌头,正确
A08,4318,双脚,双脚,正确
A08,4319,右手,双脚,错误
A08,4320,舌头,舌头,正确
A08,4321,双脚,双脚,正确
A08,4322,双脚,双脚,正确
A08,4323,左手,左手,正确
A08,4324,右手,右手,正确
A08,4325,左手,左手,正确
A08,4326,双脚,右手,错误
A08,4327,右手,右手,正确
A08,4328,左手,左手,正确
A08,4329,双脚,双脚,正确
A08,4330,右手,双脚,错误
A08,4331,左手,左手,正确
A08,4332,舌头,双脚,错误
A08,4333,舌头,舌头,正确
A08,4334,右手,右手,正确
A08,4335,右手,右手,正确
A08,4336,左手,左手,正确
A08,4337,双脚,双脚,正确
A08,4338,左手,双脚,错误
A08,4339,舌头,舌头,正确
A08,4340,右手,右手,正确
A08,4341,左手,左手,正确
A08,4342,左手,左手,正确
A08,4343,右手,双脚,错误
A08,4344,左手,左手,正确
A08,4345,双脚,双脚,正确
A08,4346,舌头,舌头,正确
A08,4347,双脚,双脚,正确
A08,4348,右手,右手,正确
A08,4349,右手,右手,正确
A08,4350,右手,右手,正确
A08,4351,舌头,舌头,正确
A08,4352,右手,右手,正确
A08,4353,右手,右手,正确
A08,4354,双脚,双脚,正确
A08,4355,左手,左手,正确
A08,4356,双脚,双脚,正确
A08,4357,双脚,左手,错误
A08,4358,双脚,双脚,正确
A08,4359,舌头,舌头,正确
A08,4360,双脚,双脚,正确
A08,4361,舌头,舌头,正确
A08,4362,右手,右手,正确
A08,4363,左手,左手,正确
A08,4364,舌头,舌头,正确
A08,4365,舌头,双脚,错误
A08,4366,左手,左手,正确
A08,4367,双脚,左手,错误
A08,4368,左手,左手,正确
A08,4369,右手,右手,正确
A08,4370,左手,左手,正确
A08,4371,双脚,双脚,正确
A08,4372,舌头,舌头,正确
A08,4373,舌头,舌头,正确
A08,4374,舌头,舌头,正确
A08,4375,右手,右手,正确
A08,4376,双脚,双脚,正确
A08,4377,左手,左手,正确
A08,4378,右手,右手,正确
A08,4379,双脚,双脚,正确
A08,4380,右手,右手,正确
A08,4381,右手,右手,正确
A08,4382,舌头,舌头,正确
A08,4383,右手,右手,正确
A08,4384,舌头,舌头,正确
A08,4385,舌头,舌头,正确
A08,4386,双脚,双脚,正确
A08,4387,舌头,舌头,正确
A08,4388,左手,左手,正确
A08,4389,舌头,舌头,正确
A08,4390,舌头,舌头,正确
A08,4391,左手,左手,正确
A08,4392,右手,右手,正确
A08,4393,双脚,双脚,正确
A08,4394,双脚,双脚,正确
A08,4395,双脚,双脚,正确
A08,4396,右手,右手,正确
A08,4397,双脚,双脚,正确
A08,4398,左手,左手,正确
A08,4399,左手,左手,正确
A08,4400,舌头,舌头,正确
A08,4401,右手,右手,正确
A08,4402,右手,右手,正确
A08,4403,双脚,双脚,正确
A08,4404,舌头,左手,错误
A08,4405,左手,左手,正确
A08,4406,舌头,舌头,正确
A08,4407,右手,舌头,错误
A08,4408,左手,左手,正确
A08,4409,双脚,双脚,正确
A08,4410,舌头,双脚,错误
A08,4411,左手,左手,正确
A08,4412,右手,右手,正确
A08,4413,双脚,双脚,正确
A08,4414,左手,左手,正确
A08,4415,双脚,双脚,正确
A08,4416,双脚,双脚,正确
A08,4417,左手,双脚,错误
A08,4418,右手,右手,正确
A08,4419,左手,左手,正确
A08,4420,舌头,舌头,正确
A08,4421,左手,左手,正确
A08,4422,双脚,双脚,正确
A08,4423,左手,左手,正确
A08,4424,舌头,舌头,正确
A08,4425,双脚,双脚,正确
A08,4426,左手,双脚,错误
A08,4427,右手,右手,正确
A08,4428,右手,右手,正确
A08,4429,左手,舌头,错误
A08,4430,右手,右手,正确
A08,4431,右手,右手,正确
A08,4432,右手,右手,正确
A08,4433,左手,左手,正确
A08,4434,左手,左手,正确
A08,4435,双脚,双脚,正确
A08,4436,双脚,双脚,正确
A08,4437,左手,左手,正确
A08,4438,左手,左手,正确
A08,4439,右手,右手,正确
A08,4440,双脚,双脚,正确
A08,4441,双脚,双脚,正确
A08,4442,舌头,舌头,正确
A08,4443,舌头,右手,错误
A08,4444,右手,右手,正确
A08,4445,左手,左手,正确
A08,4446,舌头,舌头,正确
A08,4447,舌头,舌头,正确
A08,4448,双脚,双脚,正确
A08,4449,舌头,双脚,错误
A08,4450,右手,左手,错误
A08,4451,双脚,双脚,正确
A08,4452,左手,左手,正确
A08,4453,双脚,双脚,正确
A08,4454,舌头,舌头,正确
A08,4455,右手,右手,正确
A08,4456,双脚,双脚,正确
A08,4457,右手,右手,正确
A08,4458,左手,左手,正确
A08,4459,双脚,舌头,错误
A08,4460,舌头,舌头,正确
A08,4461,双脚,左手,错误
A08,4462,左手,左手,正确
A08,4463,右手,右手,正确
A08,4464,舌头,舌头,正确
A08,4465,双脚,双脚,正确
A08,4466,舌头,舌头,正确
A08,4467,双脚,双脚,正确
A08,4468,舌头,舌头,正确
A08,4469,右手,右手,正确
A08,4470,左手,左手,正确
A08,4471,舌头,舌头,正确
A08,4472,右手,右手,正确
A08,4473,舌头,舌头,正确
A08,4474,双脚,左手,错误
A08,4475,左手,左手,正确
A08,4476,双脚,双脚,正确
A08,4477,右手,右手,正确
A08,4478,双脚,双脚,正确
A08,4479,右手,双脚,错误
A08,4480,双脚,右手,错误
A08,4481,左手,双脚,错误
A08,4482,舌头,舌头,正确
A08,4483,右手,右手,正确
A08,4484,右手,右手,正确
A08,4485,舌头,舌头,正确
A08,4486,双脚,双脚,正确
A08,4487,左手,双脚,错误
A08,4488,右手,右手,正确
A08,4489,右手,双脚,错误
A08,4490,左手,左手,正确
A08,4491,舌头,舌头,正确
A08,4492,左手,左手,正确
A08,4493,舌头,舌头,正确
A08,4494,左手,左手,正确
A08,4495,舌头,舌头,正确
A08,4496,右手,右手,正确
A08,4497,右手,右手,正确
A08,4498,左手,左手,正确
A08,4499,双脚,双脚,正确
A08,4500,双脚,双脚,正确
A08,4501,左手,左手,正确
A08,4502,右手,右手,正确
A08,4503,右手,右手,正确
A08,4504,双脚,双脚,正确
A08,4505,舌头,舌头,正确
A08,4506,舌头,右手,错误
A08,4507,舌头,舌头,正确
A08,4508,舌头,舌头,正确
A08,4509,双脚,双脚,正确
A08,4510,舌头,舌头,正确
A08,4511,双脚,双脚,正确
A08,4512,左手,双脚,错误
A08,4513,舌头,舌头,正确
A08,4514,左手,左手,正确
A08,4515,左手,左手,正确
A08,4516,左手,左手,正确
A08,4517,双脚,双脚,正确
A08,4518,双脚,双脚,正确
A08,4519,舌头,舌头,正确
A08,4520,右手,右手,正确
A08,4521,双脚,双脚,正确
A08,4522,右手,右手,正确
A08,4523,舌头,舌头,正确
A08,4524,双脚,双脚,正确
A08,4525,右手,右手,正确
A08,4526,双脚,双脚,正确
A08,4527,双脚,双脚,正确
A08,4528,右手,右手,正确
A08,4529,右手,右手,正确
A08,4530,左手,右手,错误
A08,4531,舌头,舌头,正确
A08,4532,双脚,双脚,正确
A08,4533,右手,右手,正确
A08,4534,右手,舌头,错误
A08,4535,左手,左手,正确
A08,4536,左手,左手,正确
A08,4537,舌头,舌头,正确
A08,4538,舌头,舌头,正确
A08,4539,右手,双脚,错误
A08,4540,双脚,双脚,正确
A08,4541,左手,左手,正确
A08,4542,舌头,舌头,正确
A08,4543,双脚,双脚,正确
A08,4544,双脚,双脚,正确
A08,4545,双脚,双脚,正确
A08,4546,右手,右手,正确
A08,4547,右手,右手,正确
A08,4548,右手,右手,正确
A08,4549,双脚,双脚,正确
A08,4550,舌头,舌头,正确
A08,4551,左手,舌头,错误
A08,4552,左手,左手,正确
A08,4553,舌头,舌头,正确
A08,4554,双脚,右手,错误
A08,4555,舌头,舌头,正确
A08,4556,舌头,舌头,正确
A08,4557,左手,左手,正确
A08,4558,左手,左手,正确
A08,4559,右手,右手,正确
A08,4560,舌头,舌头,正确
A08,4561,舌头,舌头,正确
A08,4562,舌头,舌头,正确
A08,4563,左手,左手,正确
A08,4564,右手,右手,正确
A08,4565,左手,左手,正确
A08,4566,左手,双脚,错误
A08,4567,右手,右手,正确
A08,4568,左手,左手,正确
A08,4569,左手,左手,正确
A08,4570,双脚,双脚,正确
A08,4571,右手,右手,正确
A08,4572,右手,舌头,错误
A08,4573,舌头,舌头,正确
A08,4574,舌头,舌头,正确
A08,4575,左手,左手,正确
A08,4576,舌头,左手,错误
A08,4577,舌头,舌头,正确
A08,4578,右手,双脚,错误
A08,4579,双脚,双脚,正确
A08,4580,左手,左手,正确
A08,4581,右手,右手,正确
A08,4582,左手,左手,正确
A08,4583,双脚,双脚,正确
A08,4584,舌头,舌头,正确
A08,4585,左手,左手,正确
A08,4586,左手,左手,正确
A08,4587,双脚,双脚,正确
A08,4588,右手,右手,正确
A08,4589,双脚,双脚,正确
A08,4590,左手,左手,正确
A08,4591,舌头,舌头,正确
A08,4592,舌头,双脚,错误
A08,4593,右手,右手,正确
A08,4594,舌头,舌头,正确
A08,4595,右手,右手,正确
A08,4596,左手,左手,正确
A08,4597,左手,左手,正确
A08,4598,双脚,双脚,正确
A08,4599,双脚,双脚,正确
A08,4600,舌头,双脚,错误
A08,4601,右手,右手,正确
A08,4602,双脚,双脚,正确
A08,4603,左手,左手,正确
A08,4604,右手,右手,正确
A08,4605,右手,右手,正确
A08,4606,双脚,双脚,正确
A08,4607,双脚,双脚,正确
A09,4608,舌头,舌头,正确
A09,4609,双脚,双脚,正确
A09,4610,双脚,双脚,正确
A09,4611,双脚,双脚,正确
A09,4612,左手,左手,正确
A09,4613,左手,左手,正确
A09,4614,右手,双脚,错误
A09,4615,舌头,舌头,正确
A09,4616,双脚,双脚,正确
A09,4617,左手,右手,错误
A09,4618,双脚,双脚,正确
A09,4619,左手,左手,正确
A09,4620,左手,左手,正确
A09,4621,右手,右手,正确
A09,4622,双脚,双脚,正确
A09,4623,舌头,舌头,正确
A09,4624,舌头,舌头,正确
A09,4625,左手,左手,正确
A09,4626,双脚,舌头,错误
A09,4627,右手,右手,正确
A09,4628,双脚,舌头,错误
A09,4629,左手,左手,正确
A09,4630,右手,右手,正确
A09,4631,左手,双脚,错误
A09,4632,左手,双脚,错误
A09,4633,右手,右手,正确
A09,4634,舌头,舌头,正确
A09,4635,左手,左手,正确
A09,4636,右手,右手,正确
A09,4637,双脚,右手,错误
A09,4638,左手,双脚,错误
A09,4639,舌头,舌头,正确
A09,4640,双脚,舌头,错误
A09,4641,右手,右手,正确
A09,4642,左手,左手,正确
A09,4643,舌头,舌头,正确
A09,4644,左手,左手,正确
A09,4645,双脚,双脚,正确
A09,4646,右手,舌头,错误
A09,4647,舌头,右手,错误
A09,4648,双脚,双脚,正确
A09,4649,双脚,双脚,正确
A09,4650,左手,双脚,错误
A09,4651,舌头,舌头,正确
A09,4652,右手,左手,错误
A09,4653,右手,右手,正确
A09,4654,舌头,舌头,正确
A09,4655,舌头,舌头,正确
A09,4656,双脚,双脚,正确
A09,4657,双脚,双脚,正确
A09,4658,右手,右手,正确
A09,4659,舌头,舌头,正确
A09,4660,左手,左手,正确
A09,4661,左手,右手,错误
A09,4662,舌头,舌头,正确
A09,4663,左手,左手,正确
A09,4664,右手,右手,正确
A09,4665,舌头,舌头,正确
A09,4666,右手,双脚,错误
A09,4667,舌头,舌头,正确
A09,4668,舌头,舌头,正确
A09,4669,右手,右手,正确
A09,4670,右手,右手,正确
A09,4671,左手,左手,正确
A09,4672,舌头,舌头,正确
A09,4673,舌头,舌头,正确
A09,4674,双脚,舌头,错误
A09,4675,双脚,双脚,正确
A09,4676,左手,左手,正确
A09,4677,舌头,舌头,正确
A09,4678,双脚,双脚,正确
A09,4679,舌头,舌头,正确
A09,4680,双脚,双脚,正确
A09,4681,双脚,舌头,错误
A09,4682,左手,左手,正确
A09,4683,右手,右手,正确
A09,4684,左手,左手,正确
A09,4685,舌头,舌头,正确
A09,4686,双脚,右手,错误
A09,4687,双脚,舌头,错误
A09,4688,右手,双脚,错误
A09,4689,左手,右手,错误
A09,4690,右手,双脚,错误
A09,4691,右手,舌头,错误
A09,4692,舌头,舌头,正确
A09,4693,右手,右手,正确
A09,4694,双脚,双脚,正确
A09,4695,舌头,舌头,正确
A09,4696,左手,左手,正确
A09,4697,舌头,舌头,正确
A09,4698,右手,右手,正确
A09,4699,右手,右手,正确
A09,4700,双脚,双脚,正确
A09,4701,右手,右手,正确
A09,4702,左手,左手,正确
A09,4703,舌头,舌头,正确
A09,4704,左手,左手,正确
A09,4705,左手,左手,正确
A09,4706,左手,左手,正确
A09,4707,舌头,舌头,正确
A09,4708,右手,右手,正确
A09,4709,舌头,舌头,正确
A09,4710,右手,双脚,错误
A09,4711,舌头,舌头,正确
A09,4712,舌头,舌头,正确
A09,4713,双脚,双脚,正确
A09,4714,右手,右手,正确
A09,4715,右手,双脚,错误
A09,4716,右手,右手,正确
A09,4717,右手,舌头,错误
A09,4718,左手,右手,错误
A09,4719,双脚,双脚,正确
A09,4720,双脚,右手,错误
A09,4721,双脚,右手,错误
A09,4722,双脚,双脚,正确
A09,4723,左手,右手,错误
A09,4724,舌头,双脚,错误
A09,4725,舌头,舌头,正确
A09,4726,双脚,双脚,正确
A09,4727,双脚,左手,错误
A09,4728,左手,左手,正确
A09,4729,左手,左手,正确
A09,4730,舌头,舌头,正确
A09,4731,右手,双脚,错误
A09,4732,双脚,双脚,正确
A09,4733,右手,右手,正确
A09,4734,左手,左手,正确
A09,4735,舌头,舌头,正确
A09,4736,右手,右手,正确
A09,4737,右手,右手,正确
A09,4738,左手,左手,正确
A09,4739,左手,舌头,错误
A09,4740,右手,左手,错误
A09,4741,舌头,舌头,正确
A09,4742,双脚,双脚,正确
A09,4743,左手,左手,正确
A09,4744,右手,右手,正确
A09,4745,右手,双脚,错误
A09,4746,舌头,双脚,错误
A09,4747,右手,左手,错误
A09,4748,舌头,舌头,正确
A09,4749,右手,右手,正确
A09,4750,左手,双脚,错误
A09,4751,双脚,双脚,正确
A09,4752,双脚,双脚,正确
A09,4753,左手,左手,正确
A09,4754,双脚,左手,错误
A09,4755,右手,右手,正确
A09,4756,右手,双脚,错误
A09,4757,左手,左手,正确
A09,4758,舌头,舌头,正确
A09,4759,舌头,舌头,正确
A09,4760,双脚,双脚,正确
A09,4761,右手,右手,正确
A09,4762,舌头,双脚,错误
A09,4763,舌头,舌头,正确
A09,4764,右手,双脚,错误
A09,4765,双脚,双脚,正确
A09,4766,左手,舌头,错误
A09,4767,右手,双脚,错误
A09,4768,左手,双脚,错误
A09,4769,双脚,左手,错误
A09,4770,右手,右手,正确
A09,4771,左手,双脚,错误
A09,4772,舌头,舌头,正确
A09,4773,右手,右手,正确
A09,4774,右手,双脚,错误
A09,4775,左手,左手,正确
A09,4776,双脚,双脚,正确
A09,4777,右手,右手,正确
A09,4778,舌头,舌头,正确
A09,4779,双脚,双脚,正确
A09,4780,舌头,舌头,正确
A09,4781,右手,左手,错误
A09,4782,双脚,右手,错误
A09,4783,左手,双脚,错误
A09,4784,左手,左手,正确
A09,4785,双脚,舌头,错误
A09,4786,双脚,左手,错误
A09,4787,双脚,双脚,正确
A09,4788,左手,左手,正确
A09,4789,左手,左手,正确
A09,4790,左手,左手,正确
A09,4791,右手,右手,正确
A09,4792,右手,右手,正确
A09,4793,舌头,舌头,正确
A09,4794,舌头,舌头,正确
A09,4795,双脚,双脚,正确
A09,4796,右手,右手,正确
A09,4797,右手,右手,正确
A09,4798,双脚,双脚,正确
A09,4799,双脚,双脚,正确
A09,4800,舌头,舌头,正确
A09,4801,舌头,舌头,正确
A09,4802,舌头,舌头,正确
A09,4803,双脚,双脚,正确
A09,4804,右手,右手,正确
A09,4805,舌头,舌头,正确
A09,4806,双脚,双脚,正确
A09,4807,双脚,双脚,正确
A09,4808,左手,左手,正确
A09,4809,双脚,双脚,正确
A09,4810,舌头,舌头,正确
A09,4811,左手,左手,正确
A09,4812,右手,右手,正确
A09,4813,舌头,舌头,正确
A09,4814,左手,左手,正确
A09,4815,双脚,双脚,正确
A09,4816,舌头,舌头,正确
A09,4817,双脚,双脚,正确
A09,4818,左手,左手,正确
A09,4819,左手,左手,正确
A09,4820,舌头,舌头,正确
A09,4821,舌头,舌头,正确
A09,4822,右手,双脚,错误
A09,4823,左手,左手,正确
A09,4824,左手,右手,错误
A09,4825,右手,右手,正确
A09,4826,右手,左手,错误
A09,4827,双脚,双脚,正确
A09,4828,双脚,双脚,正确
A09,4829,双脚,双脚,正确
A09,4830,左手,左手,正确
A09,4831,右手,右手,正确
A09,4832,舌头,舌头,正确
A09,4833,舌头,舌头,正确
A09,4834,双脚,双脚,正确
A09,4835,左手,左手,正确
A09,4836,舌头,舌头,正确
A09,4837,左手,右手,错误
A09,4838,左手,舌头,错误
A09,4839,舌头,舌头,正确
A09,4840,左手,右手,错误
A09,4841,右手,右手,正确
A09,4842,舌头,舌头,正确
A09,4843,左手,双脚,错误
A09,4844,双脚,双脚,正确
A09,4845,左手,右手,错误
A09,4846,舌头,舌头,正确
A09,4847,左手,双脚,错误
A09,4848,右手,双脚,错误
A09,4849,双脚,双脚,正确
A09,4850,左手,左手,正确
A09,4851,舌头,舌头,正确
A09,4852,双脚,舌头,错误
A09,4853,右手,左手,错误
A09,4854,右手,双脚,错误
A09,4855,舌头,舌头,正确
A09,4856,右手,右手,正确
A09,4857,舌头,舌头,正确
A09,4858,舌头,舌头,正确
A09,4859,双脚,双脚,正确
A09,4860,双脚,双脚,正确
A09,4861,左手,左手,正确
A09,4862,舌头,舌头,正确
A09,4863,舌头,双脚,错误
A09,4864,左手,左手,正确
A09,4865,左手,左手,正确
A09,4866,右手,右手,正确
A09,4867,舌头,舌头,正确
A09,4868,舌头,舌头,正确
A09,4869,左手,右手,错误
A09,4870,双脚,双脚,正确
A09,4871,右手,右手,正确
A09,4872,右手,右手,正确
A09,4873,右手,右手,正确
A09,4874,舌头,舌头,正确
A09,4875,双脚,右手,错误
A09,4876,双脚,双脚,正确
A09,4877,左手,左手,正确
A09,4878,双脚,双脚,正确
A09,4879,舌头,舌头,正确
A09,4880,双脚,双脚,正确
A09,4881,左手,双脚,错误
A09,4882,左手,左手,正确
A09,4883,右手,舌头,错误
A09,4884,舌头,舌头,正确
A09,4885,左手,右手,错误
A09,4886,舌头,双脚,错误
A09,4887,右手,右手,正确
A09,4888,舌头,右手,错误
A09,4889,双脚,双脚,正确
A09,4890,右手,右手,正确
A09,4891,左手,左手,正确
A09,4892,双脚,右手,错误
A09,4893,舌头,舌头,正确
A09,4894,双脚,右手,错误
A09,4895,右手,右手,正确
A09,4896,舌头,舌头,正确
A09,4897,双脚,右手,错误
A09,4898,双脚,双脚,正确
A09,4899,左手,左手,正确
A09,4900,右手,右手,正确
A09,4901,左手,左手,正确
A09,4902,双脚,双脚,正确
A09,4903,右手,右手,正确
A09,4904,左手,左手,正确
A09,4905,双脚,双脚,正确
A09,4906,右手,右手,正确
A09,4907,左手,左手,正确
A09,4908,舌头,舌头,正确
A09,4909,舌头,舌头,正确
A09,4910,右手,右手,正确
A09,4911,右手,右手,正确
A09,4912,左手,左手,正确
A09,4913,双脚,双脚,正确
A09,4914,左手,左手,正确
A09,4915,舌头,舌头,正确
A09,4916,右手,右手,正确
A09,4917,左手,左手,正确
A09,4918,左手,左手,正确
A09,4919,右手,右手,正确
A09,4920,左手,左手,正确
A09,4921,双脚,双脚,正确
A09,4922,舌头,舌头,正确
A09,4923,双脚,双脚,正确
A09,4924,右手,双脚,错误
A09,4925,右手,右手,正确
A09,4926,右手,右手,正确
A09,4927,舌头,舌头,正确
A09,4928,右手,右手,正确
A09,4929,右手,舌头,错误
A09,4930,双脚,双脚,正确
A09,4931,左手,左手,正确
A09,4932,双脚,双脚,正确
A09,4933,双脚,双脚,正确
A09,4934,双脚,双脚,正确
A09,4935,舌头,舌头,正确
A09,4936,双脚,双脚,正确
A09,4937,舌头,舌头,正确
A09,4938,右手,右手,正确
A09,4939,左手,左手,正确
A09,4940,舌头,舌头,正确
A09,4941,舌头,舌头,正确
A09,4942,左手,左手,正确
A09,4943,双脚,双脚,正确
A09,4944,左手,右手,错误
A09,4945,右手,双脚,错误
A09,4946,左手,左手,正确
A09,4947,双脚,双脚,正确
A09,4948,舌头,舌头,正确
A09,4949,舌头,舌头,正确
A09,4950,舌头,舌头,正确
A09,4951,右手,双脚,错误
A09,4952,双脚,双脚,正确
A09,4953,左手,左手,正确
A09,4954,右手,右手,正确
A09,4955,双脚,双脚,正确
A09,4956,右手,左手,错误
A09,4957,右手,左手,错误
A09,4958,舌头,舌头,正确
A09,4959,舌头,舌头,正确
A09,4960,右手,右手,正确
A09,4961,舌头,舌头,正确
A09,4962,舌头,舌头,正确
A09,4963,舌头,舌头,正确
A09,4964,舌头,舌头,正确
A09,4965,双脚,左手,错误
A09,4966,左手,左手,正确
A09,4967,双脚,双脚,正确
A09,4968,双脚,双脚,正确
A09,4969,双脚,舌头,错误
A09,4970,双脚,舌头,错误
A09,4971,右手,右手,正确
A09,4972,左手,双脚,错误
A09,4973,右手,右手,正确
A09,4974,舌头,舌头,正确
A09,4975,左手,左手,正确
A09,4976,右手,右手,正确
A09,4977,左手,双脚,错误
A09,4978,右手,右手,正确
A09,4979,双脚,双脚,正确
A09,4980,舌头,左手,错误
A09,4981,左手,左手,正确
A09,4982,右手,右手,正确
A09,4983,舌头,舌头,正确
A09,4984,左手,左手,正确
A09,4985,舌头,双脚,错误
A09,4986,双脚,双脚,正确
A09,4987,左手,左手,正确
A09,4988,右手,右手,正确
A09,4989,左手,双脚,错误
A09,4990,双脚,舌头,错误
A09,4991,双脚,右手,错误
A09,4992,双脚,舌头,错误
A09,4993,左手,右手,错误
A09,4994,左手,双脚,错误
A09,4995,右手,右手,正确
A09,4996,左手,右手,错误
A09,4997,左手,左手,正确
A09,4998,舌头,舌头,正确
A09,4999,舌头,舌头,正确
A09,5000,双脚,双脚,正确
A09,5001,双脚,右手,错误
A09,5002,左手,双脚,错误
A09,5003,右手,右手,正确
A09,5004,右手,舌头,错误
A09,5005,左手,双脚,错误
A09,5006,右手,右手,正确
A09,5007,右手,右手,正确
A09,5008,右手,右手,正确
A09,5009,左手,左手,正确
A09,5010,左手,左手,正确
A09,5011,双脚,双脚,正确
A09,5012,双脚,双脚,正确
A09,5013,左手,左手,正确
A09,5014,左手,左手,正确
A09,5015,右手,右手,正确
A09,5016,双脚,双脚,正确
A09,5017,双脚,双脚,正确
A09,5018,舌头,双脚,错误
A09,5019,舌头,舌头,正确
A09,5020,右手,右手,正确
A09,5021,左手,左手,正确
A09,5022,舌头,舌头,正确
A09,5023,舌头,双脚,错误
A09,5024,双脚,双脚,正确
A09,5025,舌头,舌头,正确
A09,5026,右手,右手,正确
A09,5027,双脚,双脚,正确
A09,5028,左手,左手,正确
A09,5029,双脚,双脚,正确
A09,5030,舌头,舌头,正确
A09,5031,右手,右手,正确
A09,5032,双脚,双脚,正确
A09,5033,右手,右手,正确
A09,5034,左手,左手,正确
A09,5035,双脚,双脚,正确
A09,5036,舌头,舌头,正确
A09,5037,双脚,双脚,正确
A09,5038,左手,左手,正确
A09,5039,右手,左手,错误
A09,5040,舌头,右手,错误
A09,5041,双脚,双脚,正确
A09,5042,舌头,舌头,正确
A09,5043,双脚,双脚,正确
A09,5044,舌头,舌头,正确
A09,5045,右手,右手,正确
A09,5046,左手,左手,正确
A09,5047,舌头,舌头,正确
A09,5048,右手,右手,正确
A09,5049,舌头,舌头,正确
A09,5050,双脚,双脚,正确
A09,5051,左手,左手,正确
A09,5052,双脚,双脚,正确
A09,5053,右手,右手,正确
A09,5054,双脚,双脚,正确
A09,5055,右手,右手,正确
A09,5056,双脚,双脚,正确
A09,5057,左手,左手,正确
A09,5058,舌头,舌头,正确
A09,5059,右手,双脚,错误
A09,5060,右手,右手,正确
A09,5061,舌头,舌头,正确
A09,5062,双脚,右手,错误
A09,5063,左手,左手,正确
A09,5064,右手,右手,正确
A09,5065,右手,右手,正确
A09,5066,左手,左手,正确
A09,5067,舌头,舌头,正确
A09,5068,左手,左手,正确
A09,5069,舌头,舌头,正确
A09,5070,左手,左手,正确
A09,5071,舌头,舌头,正确
A09,5072,右手,左手,错误
A09,5073,右手,左手,错误
A09,5074,双脚,双脚,正确
A09,5075,双脚,双脚,正确
A09,5076,左手,左手,正确
A09,5077,舌头,舌头,正确
A09,5078,右手,左手,错误
A09,5079,双脚,右手,错误
A09,5080,左手,左手,正确
A09,5081,右手,右手,正确
A09,5082,舌头,舌头,正确
A09,5083,舌头,舌头,正确
A09,5084,舌头,舌头,正确
A09,5085,双脚,双脚,正确
A09,5086,舌头,舌头,正确
A09,5087,舌头,舌头,正确
A09,5088,双脚,左手,错误
A09,5089,左手,左手,正确
A09,5090,左手,左手,正确
A09,5091,左手,左手,正确
A09,5092,右手,右手,正确
A09,5093,舌头,舌头,正确
A09,5094,左手,左手,正确
A09,5095,双脚,双脚,正确
A09,5096,双脚,双脚,正确
A09,5097,双脚,右手,错误
A09,5098,右手,右手,正确
A09,5099,舌头,舌头,正确
A09,5100,右手,右手,正确
A09,5101,双脚,双脚,正确
A09,5102,右手,双脚,错误
A09,5103,双脚,右手,错误
A09,5104,左手,左手,正确
A09,5105,双脚,双脚,正确
A09,5106,右手,舌头,错误
A09,5107,舌头,舌头,正确
A09,5108,右手,右手,正确
A09,5109,双脚,双脚,正确
A09,5110,舌头,舌头,正确
A09,5111,左手,左手,正确
A09,5112,舌头,舌头,正确
A09,5113,右手,右手,正确
A09,5114,左手,双脚,错误
A09,5115,右手,双脚,错误
A09,5116,双脚,右手,错误
A09,5117,左手,左手,正确
A09,5118,舌头,舌头,正确
A09,5119,双脚,双脚,正确
A09,5120,双脚,双脚,正确
A09,5121,双脚,双脚,正确
A09,5122,双脚,双脚,正确
A09,5123,右手,右手,正确
A09,5124,右手,双脚,错误
A09,5125,双脚,舌头,错误
A09,5126,右手,双脚,错误
A09,5127,舌头,舌头,正确
A09,5128,左手,左手,正确
A09,5129,左手,左手,正确
A09,5130,舌头,舌头,正确
A09,5131,舌头,舌头,正确
A09,5132,舌头,舌头,正确
A09,5133,左手,左手,正确
A09,5134,左手,左手,正确
A09,5135,右手,右手,正确
A09,5136,舌头,舌头,正确
A09,5137,舌头,舌头,正确
A09,5138,舌头,舌头,正确
A09,5139,左手,左手,正确
A09,5140,右手,右手,正确
A09,5141,左手,左手,正确
A09,5142,左手,左手,正确
A09,5143,右手,右手,正确
A09,5144,左手,左手,正确
A09,5145,左手,左手,正确
A09,5146,双脚,双脚,正确
A09,5147,右手,右手,正确
A09,5148,右手,舌头,错误
A09,5149,舌头,舌头,正确
A09,5150,舌头,舌头,正确
A09,5151,左手,右手,错误
A09,5152,舌头,舌头,正确
A09,5153,舌头,舌头,正确
A09,5154,右手,右手,正确
A09,5155,双脚,双脚,正确
A09,5156,左手,左手,正确
A09,5157,右手,右手,正确
A09,5158,左手,左手,正确
A09,5159,双脚,双脚,正确
A09,5160,舌头,舌头,正确
A09,5161,左手,左手,正确
A09,5162,左手,左手,正确
A09,5163,双脚,双脚,正确
A09,5164,右手,右手,正确
A09,5165,双脚,双脚,正确
A09,5166,左手,左手,正确
A09,5167,舌头,舌头,正确
A09,5168,舌头,舌头,正确
A09,5169,右手,右手,正确
A09,5170,舌头,舌头,正确
A09,5171,右手,双脚,错误
A09,5172,左手,左手,正确
A09,5173,左手,右手,错误
A09,5174,双脚,双脚,正确
A09,5175,双脚,双脚,正确
A09,5176,舌头,舌头,正确
A09,5177,右手,右手,正确
A09,5178,双脚,双脚,正确
A09,5179,左手,右手,错误
A09,5180,右手,右手,正确
A09,5181,右手,右手,正确
A09,5182,双脚,双脚,正确
A09,5183,双脚,双脚,正确
